"","Group.1","Group.2","Group.3","Group.4","Group.5","Group.6","Test","Apparatus","Date","Duration","Distance","Mean.speed","NE.time","NE.distance","NE.averagespeed","NW.time","NW.distance","NW.averagespeed","SE.time","SE.distance","SE.averagespeed","SW.time","SW.distance","SW.averagespeed","Island...distance.to.first.entry","Island...latency.to.first.entry","Thigmitaxis...time","Thigmitaxis...distance","Thigmitaxis...average.speed","Diet","NormSWTime","NormSWDist","Winding","Age.months","Age","Animal","APOE","Code","Sex","Stage","Treatment","residuals"
"1","061019_10","E44","B","F","Day1","APOE44_females",22.5,NA,NA,49.025,1.0994,0.21675,9.175,0.184375,0.21425,8.75,0.188475,0.20725,12.475,0.28655,NA,18.625,0.43995,0.20625,NA,NA,12.25,2.88825,0.24925,NA,0.376312111801242,0.357383463527805,18.1596171975,13.97,12,"061019_10","E44","B","F","Day1","APOE44_females",0.0400777728680117
"2","061019_6","E44","B","F","Day1","APOE44_females",19.5,NA,NA,60,1.085,0.18075,20.925,0.3592,0.17875,8.15,0.1541,NA,18.825,0.37445,0.2015,11.65,0.190125,NA,NA,NA,25.025,4.31775,0.179,NA,0.194166666666667,0.171810066696751,21.1126052375,13.97,12,"061019_6","E44","B","F","Day1","APOE44_females",-0.240294610250335
"3","061019_7","E44","B","F","Day1","APOE44_females",20.5,NA,NA,39.125,0.69235,0.1685,4.85,0.083425,NA,9,0.158375,NA,10.275,0.1778,NA,14.7,0.2676,0.16075,NA,NA,18.8,3.24025,0.1585,NA,0.399975509205399,0.375507959096667,14.8375574775,13.97,12,"061019_7","E44","B","F","Day1","APOE44_females",-0.067910211886635
"4","061019_8","E44","B","F","Day1","APOE44_females",21.5,NA,NA,32.575,0.633625,0.181,9.775,0.165075,NA,7.6,0.220775,NA,7.85,0.1367,NA,6.875,0.103275,NA,NA,NA,17.25,2.8945,0.162,NA,0.415777820562187,0.37265114222564,16.0660628625,13.97,12,"061019_8","E44","B","F","Day1","APOE44_females",-0.0180013248410364
"5","061019_9","E44","B","F","Day1","APOE44_females",194.5,NA,NA,60,1.068175,0.178,11.975,0.22455,NA,25.225,0.44705,0.18,6.6,0.12015,NA,16.225,0.27645,0.1665,NA,NA,25.35,3.973,0.15425,NA,0.270416666666667,0.274256538237893,27.082791165,13.97,12,"061019_9","E44","B","F","Day1","APOE44_females",-0.171548056901871
"6","061019_10","E44","B","F","Day2","APOE44_females",58.5,NA,NA,36.65,0.72055,0.18825,6.3,0.117525,NA,4.975,0.108025,NA,6.275,0.14235,NA,19.125,0.352675,0.179,NA,NA,11.2,2.074,0.18675,NA,0.627412280701754,0.592232358498239,12.6825893625,13.97,12,"061019_10","E44","B","F","Day2","APOE44_females",0.213414949198041
"7","061019_6","E44","B","F","Day2","APOE44_females",55.5,NA,NA,34.4,0.9521,0.26925,6.5,0.124975,NA,9.225,0.3357,0.39325,6.25,0.234375,NA,12.45,0.257075,0.17575,NA,NA,4.525,1.21525,NA,NA,0.360398562650867,0.224189881874386,16.91947393,13.97,12,"061019_6","E44","B","F","Day2","APOE44_females",0.167411841610648
"8","061019_7","E44","B","F","Day2","APOE44_females",56.5,NA,NA,41.65,0.690225,0.1615,7.475,0.120925,0.16575,7.5,0.126725,NA,14.75,0.25875,0.18875,11.875,0.1838,0.146,NA,NA,8.675,1.25175,0.13225,NA,0.337185654548558,0.281016052558798,16.0285681875,13.97,12,"061019_7","E44","B","F","Day2","APOE44_females",-0.149799748929211
"9","061019_8","E44","B","F","Day2","APOE44_females",57.5,NA,NA,18.7,0.3393,0.15725,1.75,0.03965,NA,3.95,0.08015,NA,6.5,0.123825,NA,6.5,0.0957,0.13325,3.20475,16.6,1.725,0.36675,NA,NA,0.494867198932171,0.358694216003784,8.2005631875,13.97,12,"061019_8","E44","B","F","Day2","APOE44_females",-0.0037144402797936
"10","061019_9","E44","B","F","Day2","APOE44_females",207.5,NA,NA,57.5,0.9865,0.1715,4.85,0.085375,NA,13.425,0.26365,NA,8.325,0.138325,0.1745,30.85,0.49915,0.1715,NA,NA,13.975,2.1845,0.1565,NA,0.537,0.5389396092476,24.6982632725,13.97,12,"061019_9","E44","B","F","Day2","APOE44_females",0.0772998570732802
"11","061019_10","E44","B","F","Day3","APOE44_females",94.5,NA,NA,22.575,0.35515,0.143,0.8,0.01655,NA,1.075,0.0205,NA,3.675,0.07335,NA,17,0.24475,0.13425,3.505,20.5,2.875,0.5255,NA,NA,0.847040977281943,0.802964249606131,10.733378235,13.97,12,"061019_10","E44","B","F","Day3","APOE44_females",0.309577841784735
"12","061019_6","E44","B","F","Day3","APOE44_females",91.5,NA,NA,9.225,0.141825,0.1495,0.225,0.0065,NA,1.4,0.0317,NA,2.25,0.04015,NA,5.3,0.06345,0.11525,1.364,7.15,0.8,0.09975,NA,NA,0.603011542028751,0.45976720592662,3.308110195,13.97,12,"061019_6","E44","B","F","Day3","APOE44_females",0.0832838258897238
"13","061019_7","E44","B","F","Day3","APOE44_females",92.5,NA,NA,10.05,0.2053,0.21225,0.825,0.013175,NA,1.425,0.07325,NA,1.95,0.033925,NA,5.85,0.08495,0.1505,2.0015,8,0,0,NA,NA,0.621153054691787,0.522933076458437,5.387062525,13.97,12,"061019_7","E44","B","F","Day3","APOE44_females",0.272640348510591
"14","061019_8","E44","B","F","Day3","APOE44_females",93.5,NA,NA,31.35,0.62025,0.201,4.825,0.092875,NA,7.625,0.1519,0.19875,7.375,0.13815,0.1915,11.525,0.23735,0.199,5.84025,29.25,1.85,0.2595,NA,NA,0.413290013271177,0.401757991860547,12.5403469175,13.97,12,"061019_8","E44","B","F","Day3","APOE44_females",0.0340813889700507
"15","061019_9","E44","B","F","Day3","APOE44_females",211.5,NA,NA,37.025,0.6702,0.17925,6.65,0.102425,NA,8.975,0.163525,NA,4.475,0.1103,NA,16.925,0.293975,0.1645,NA,NA,10.7,2.102,0.18775,NA,0.447321774573698,0.414272003487712,16.1841580125,13.97,12,"061019_9","E44","B","F","Day3","APOE44_females",0.00876770857404074
"16","061019_10","E44","B","F","Day4","APOE44_females",130.5,NA,NA,28.7,0.55305,0.163,0.95,0.023425,NA,2.2,0.059525,NA,6.85,0.13575,NA,18.725,0.334325,0.14975,5.40125,26.6,5.175,0.842,NA,NA,0.638562297595967,0.586055319155425,11.83901277,13.97,12,"061019_10","E44","B","F","Day4","APOE44_females",0.155669683200856
"17","061019_6","E44","B","F","Day4","APOE44_females",127.5,NA,NA,11.95,0.1096,0.11625,0.275,0.008575,NA,1.75,0.0397,NA,5.85,0.00935,NA,4.025,0.051975,NA,NA,NA,5.175,0,NA,NA,0.549861111111111,NA,3.7315443775,13.97,12,"061019_6","E44","B","F","Day4","APOE44_females",-0.0605900963601527
"18","061019_7","E44","B","F","Day4","APOE44_females",128.5,NA,NA,8.275,0.111625,0.12725,0.425,0.00815,NA,0.25,0.00365,NA,1.15,0.0169,NA,6.45,0.082925,0.12525,1.03375,6.25,0,0,NA,NA,0.870442838985885,0.859581691528286,4.307084325,13.97,12,"061019_7","E44","B","F","Day4","APOE44_females",0.290005418120775
"19","061019_8","E44","B","F","Day4","APOE44_females",129.5,NA,NA,4.325,0.060925,0.12775,0.3,0.00675,NA,0.75,0.022825,NA,0,0,NA,3.275,0.03135,0.09375,0.5805,2.25,0.15,0.0765,NA,NA,0.817122593718338,0.697535984933411,2.31710708,13.97,12,"061019_8","E44","B","F","Day4","APOE44_females",0.238049435880781
"20","061019_9","E44","B","F","Day4","APOE44_females",215.5,NA,NA,11.05,0.178575,0.154,1.975,0.04255,NA,1.3,0.023675,NA,2.625,0.04965,NA,5.125,0.062725,0.11875,1.7505,8.975,0,0,NA,NA,0.54811861505108,0.468878265289789,5.0157232025,13.97,12,"061019_9","E44","B","F","Day4","APOE44_females",0.0406692661600246
"21","061019_10","E44","B","F","Day5","APOE44_females",169.5,NA,NA,22.75,0.3746,0.14925,1.05,0.02225,NA,2.4,0.050025,NA,9.525,0.157725,NA,9.775,0.144575,0.13475,3.6905,20.8,0.1,0.0105,NA,NA,0.558184032884755,0.511775190894511,10.261949115,13.97,12,"061019_10","E44","B","F","Day5","APOE44_females",0.0377741852319522
"22","061019_6","E44","B","F","Day5","APOE44_females",166.5,NA,NA,17.725,0.265225,0.1475,1.25,0.0259,NA,4.775,0.07295,0.134,1.2,0.027875,NA,10.5,0.138525,0.11975,2.60925,15.4,0.375,0.07875,NA,NA,0.578844105032325,0.487602117680576,9.4384172175,13.97,12,"061019_6","E44","B","F","Day5","APOE44_females",0.0536593367830883
"23","061019_7","E44","B","F","Day5","APOE44_females",167.5,NA,NA,25.025,0.3821,0.13775,2.75,0.0409,NA,6.125,0.105675,NA,6.125,0.1175,NA,10.025,0.118,0.0955,NA,NA,3.825,0.64125,NA,NA,0.488411646832699,0.314073702512343,10.3853364525,13.97,12,"061019_7","E44","B","F","Day5","APOE44_females",-0.0633762504538096
"24","061019_8","E44","B","F","Day5","APOE44_females",168.5,NA,NA,21.6,0.268525,0.1175,0.4,0.0066,NA,8.45,0.110375,0.13075,0.8,0.013875,NA,11.95,0.1377,0.10925,2.596,19.6,0.65,0.0795,NA,NA,0.570251297895865,0.512594260582249,11.61202556,13.97,12,"061019_8","E44","B","F","Day5","APOE44_females",-0.0367892520065176
"25","061019_9","E44","B","F","Day5","APOE44_females",219.5,NA,NA,50.875,0.901675,0.17225,1.4,0.020475,NA,5.275,0.0823,0.1805,22.475,0.422025,0.19975,21.725,0.37685,0.1675,NA,NA,2.95,0.4875,NA,NA,0.408031914893617,0.398787021154499,23.1642242575,13.97,12,"061019_9","E44","B","F","Day5","APOE44_females",-0.0496218334917741
"26","061019_1","E44","A","M","Day1","APOE44_males",14.5,NA,NA,58.525,1.1111,0.1905,18,0.321675,NA,10.3,0.194525,0.44725,18.2,0.34315,0.19375,11.65,0.243975,0.19775,NA,NA,35.2,6.22325,0.18125,NA,0.208753080714726,0.208244486914466,21.3305670825,13.97,12,"061019_1","E44","A","M","Day1","APOE44_males",-0.199105067165001
"27","061019_2","E44","A","M","Day1","APOE44_males",15.5,NA,NA,56.075,1.27425,0.226,14.275,0.29745,NA,12.05,0.292025,0.267,14.875,0.336275,0.22125,14.8,0.34635,0.22325,NA,NA,24.2,4.56525,0.18875,NA,0.261174948240166,0.242058363447331,19.84668544,13.97,12,"061019_2","E44","A","M","Day1","APOE44_males",-0.0498205246833389
"28","061019_3","E44","A","M","Day1","APOE44_males",16.5,NA,NA,56.475,0.9689,0.174,18.65,0.3031,NA,16.8,0.297375,0.19325,12.375,0.2153,NA,8.4,0.151025,0.17225,NA,NA,25.95,4.069,0.16525,NA,0.170718954248366,0.152682269349569,21.62302615,13.97,12,"061019_3","E44","A","M","Day1","APOE44_males",-0.282159873540592
"29","061019_4","E44","A","M","Day1","APOE44_males",17.5,NA,NA,36.05,0.6843,0.175,5.1,0.1116,NA,8.175,0.146525,NA,9.625,0.196725,NA,13.1,0.22945,0.158,NA,NA,10.025,1.9495,NA,NA,0.451389542409739,0.394050189289068,13.97837868,13.97,12,"061019_4","E44","A","M","Day1","APOE44_males",0.00123924067588671
"30","061019_5","E44","A","M","Day1","APOE44_males",18.5,NA,NA,45.35,1.2514,0.2545,6.625,0.121075,NA,11.475,0.26525,NA,8.55,0.2566,0.272,18.725,0.607525,0.2455,NA,NA,16.225,5.09675,0.3515,NA,0.402577584452584,0.383454154990245,23.0413078725,13.97,12,"061019_5","E44","A","M","Day1","APOE44_males",0.169345104099569
"31","061019_1","E44","A","M","Day2","APOE44_males",50.5,NA,NA,27.05,0.486375,0.181,8.575,0.12255,NA,7.825,0.15655,NA,2.9,0.079675,NA,7.725,0.127625,0.13525,4.80275,25,5.7,0.9415,0.17825,NA,0.368156394881865,0.292957200376174,10.22647353,13.97,12,"061019_1","E44","A","M","Day2","APOE44_males",-0.0656227505213585
"32","061019_2","E44","A","M","Day2","APOE44_males",51.5,NA,NA,31.35,0.936775,0.30625,8.175,0.166575,NA,12.025,0.407775,NA,6.5,0.2419,1.54125,4.6,0.120525,0.24,NA,NA,9.425,2.9045,NA,NA,0.204792324102637,0.150031365083794,14.0251417325,13.97,12,"061019_2","E44","A","M","Day2","APOE44_males",0.112761067101298
"33","061019_3","E44","A","M","Day2","APOE44_males",52.5,NA,NA,33.575,0.5135,0.16575,8.925,0.119825,NA,5.575,0.1103,NA,10.45,0.159025,NA,8.625,0.12435,0.14375,NA,NA,13.025,1.588,0.174,NA,0.394610647988293,0.30633949642383,15.572084145,13.97,12,"061019_3","E44","A","M","Day2","APOE44_males",-0.0807785197552796
"34","061019_4","E44","A","M","Day2","APOE44_males",53.5,NA,NA,27.825,0.431325,0.149,2.975,0.058,NA,5,0.077275,NA,5.375,0.083925,NA,14.45,0.212075,0.137,NA,NA,5.15,0.68675,NA,NA,0.574320603105814,0.549884060058685,11.0220823775,13.97,12,"061019_4","E44","A","M","Day2","APOE44_males",0.053228623939235
"35","061019_5","E44","A","M","Day2","APOE44_males",54.5,NA,NA,38.1,0.96095,0.2255,5.825,0.1234,NA,6.375,0.2003,0.2455,15.05,0.34135,NA,10.9,0.295925,0.20275,NA,NA,10.275,2.75225,0.23575,NA,0.311810776942356,0.251727829446845,15.0685026275,13.97,12,"061019_5","E44","A","M","Day2","APOE44_males",-0.000548959008700973
"36","061019_1","E44","A","M","Day3","APOE44_males",86.5,NA,NA,37.15,0.644825,0.16775,5.825,0.111275,NA,13.5,0.2529,0.17825,3.975,0.07275,0.206,13.825,0.207925,0.13775,6.3985,35.05,5.95,0.9815,NA,NA,0.374957292882355,0.342244619850845,17.0615522825,13.97,12,"061019_1","E44","A","M","Day3","APOE44_males",-0.0949748227510082
"37","061019_2","E44","A","M","Day3","APOE44_males",87.5,NA,NA,14.075,0.31105,0.2115,0.675,0.020725,NA,2.375,0.05395,NA,1.025,0.030325,NA,10.025,0.206075,0.20525,3.069,12,1.85,0.36675,NA,NA,0.767710629258101,0.741913737443148,7.0698890925,13.97,12,"061019_2","E44","A","M","Day3","APOE44_males",0.417151528535576
"38","061019_3","E44","A","M","Day3","APOE44_males",88.5,NA,NA,23.475,0.260475,0.11575,5.25,0.048975,NA,6.725,0.063825,NA,2.575,0.046425,0.195,8.95,0.1013,0.11525,2.57775,21.45,5,0.2915,NA,NA,0.393196477535975,0.401782897564297,11.9212816775,13.97,12,"061019_3","E44","A","M","Day3","APOE44_males",-0.218618992962842
"39","061019_4","E44","A","M","Day3","APOE44_males",89.5,NA,NA,31.05,0.476675,0.13025,4.05,0.0813,NA,8.525,0.1482,NA,4.275,0.08335,NA,14.2,0.1638,0.113,4.72025,28.925,7.7,1.24375,NA,NA,0.633291841932308,0.547377840308025,11.749587685,13.97,12,"061019_4","E44","A","M","Day3","APOE44_males",0.0610399992325123
"40","061019_5","E44","A","M","Day3","APOE44_males",90.5,NA,NA,24.425,0.448475,0.183,1.05,0.02425,NA,6.375,0.12455,NA,7.425,0.15365,NA,9.575,0.146025,0.1495,4.4035,22.325,2.2,0.486,6.95575,NA,0.376109004304391,0.315038807145064,10.837953705,13.97,12,"061019_5","E44","A","M","Day3","APOE44_males",-0.0522130889886223
"41","061019_1","E44","A","M","Day4","APOE44_males",131.5,NA,NA,16.4,0.793475,0.34325,1.95,0.083775,NA,2.95,0.163475,NA,3.75,0.289175,NA,7.75,0.25705,0.326,NA,NA,1.9,0.40525,NA,NA,0.572398190045249,NA,10.616468975,13.97,12,"061019_1","E44","A","M","Day4","APOE44_males",0.58132239708279
"42","061019_2","E44","A","M","Day4","APOE44_males",132.5,NA,NA,17.325,0.338775,0.2025,1.525,0.032675,NA,4.85,0.1057,NA,1.725,0.04055,NA,9.25,0.159875,0.20275,3.256,15.275,0.9,0.17375,NA,NA,0.504592139465414,0.474656805638009,7.99904629,13.97,12,"061019_2","E44","A","M","Day4","APOE44_males",0.129476304246945
"43","061019_3","E44","A","M","Day4","APOE44_males",133.5,NA,NA,22.075,0.37245,0.16575,0.95,0.0206,NA,5,0.0871,NA,4.2,0.080675,NA,11.975,0.184025,0.15925,3.61475,20.05,3,0.53575,NA,NA,0.591975243334744,0.582338912985358,10.676768315,13.97,12,"061019_3","E44","A","M","Day4","APOE44_males",0.116586075591171
"44","061019_4","E44","A","M","Day4","APOE44_males",125.5,NA,NA,14.35,0.152275,0.10325,0.55,0.00865,NA,5.675,0.0727,NA,0.85,0.0225,NA,5.225,0.048425,NA,NA,NA,0.1,0.0095,NA,NA,0.335277441438085,NA,8.618332775,13.97,12,"061019_4","E44","A","M","Day4","APOE44_males",-0.310644604749542
"45","061019_5","E44","A","M","Day4","APOE44_males",126.5,NA,NA,12.725,0.1768,0.13525,0.25,0.0083,NA,4.2,0.063275,NA,0.625,0.01395,NA,7.65,0.091275,0.115,1.7085,10.65,0.175,0.02625,NA,NA,0.679046104464546,0.602221129372948,7.7775555,13.97,12,"061019_5","E44","A","M","Day4","APOE44_males",0.120436892040275
"46","061019_1","E44","A","M","Day5","APOE44_males",161.5,NA,NA,18.275,0.22795,0.12875,1.175,0.0152,NA,4.375,0.05995,0.16125,0.9,0.02055,NA,11.825,0.132275,0.1145,2.18575,14.6,0.475,0.1345,NA,NA,0.615084172038857,0.563177441886701,9.05733187,13.97,12,"061019_1","E44","A","M","Day5","APOE44_males",0.0387395402564042
"47","061019_2","E44","A","M","Day5","APOE44_males",162.5,NA,NA,9.275,0.137675,0.14425,0.3,0.00375,NA,4.675,0.0893,NA,0.1,0,NA,4.2,0.044625,0.0995,1.0335,5.7,0.275,0.01725,NA,NA,0.584597632399615,0.494626220748815,5.33610571,13.97,12,"061019_2","E44","A","M","Day5","APOE44_males",0.050545154471288
"48","061019_3","E44","A","M","Day5","APOE44_males",163.5,NA,NA,11.425,0.102375,0.07925,0,0,NA,3.75,0.05135,NA,2.2,0,NA,5.5,0.051025,NA,NA,NA,2.875,0.115,NA,NA,0.480063016079965,NA,8.143171325,13.97,12,"061019_3","E44","A","M","Day5","APOE44_males",-0.231343655430179
"49","061019_4","E44","A","M","Day5","APOE44_males",164.5,NA,NA,17.175,0.2551,0.14275,0.55,0.010325,NA,3.875,0.064725,0.1665,2.125,0.0421,NA,10.675,0.137975,0.12825,2.468,15.05,0.1,0.0095,NA,NA,0.661346188655318,0.596722769877124,7.286989665,13.97,12,"061019_4","E44","A","M","Day5","APOE44_males",0.123200921644333
"50","061019_5","E44","A","M","Day5","APOE44_males",165.5,NA,NA,9.525,0.1553,0.14725,0.35,0.007,NA,2.15,0.04745,NA,0.475,0.00945,NA,6.55,0.0914,0.124,1.4515,7.475,0,0,NA,NA,0.722919441273465,0.633817398471835,4.797239265,13.97,12,"061019_5","E44","A","M","Day5","APOE44_males",0.197052541510452
"51","200331_21","E44","B","F","Day1","APOE44F",52.5,NA,NA,38.475,0.555775,0.13175,12.975,0.1949,NA,9.025,0.112975,NA,10.125,0.156925,NA,6.35,0.091,0.15125,NA,NA,15.025,1.75525,NA,NA,0.271038635884461,0.284203444639435,15.33287219,NA,12,"200331_21","E44","B","F","Day1","APOE44F",-0.297120417732677
"52","200331_21","E44","B","F","Day2","APOE44F",136.5,NA,NA,38.9,0.6543,0.16175,7.25,0.1377,NA,11.95,0.1942,0.15875,6.8,0.1177,NA,12.9,0.204725,0.15575,NA,NA,12.2,2.173,0.16725,NA,0.348780834144758,0.342339217644451,13.6594356725,NA,12,"200331_21","E44","B","F","Day2","APOE44F",-0.137522437819234
"53","200331_21","E44","B","F","Day3","APOE44F",220.5,NA,NA,32.825,0.50375,0.134,10.05,0.168425,NA,9.8,0.1679,NA,2.775,0.0588,NA,10.175,0.108675,0.12275,NA,NA,12.575,2.01775,NA,NA,0.451185657949357,0.373141861654611,12.0866788375,NA,12,"200331_21","E44","B","F","Day3","APOE44F",-0.110834212043796
"54","200331_21","E44","B","F","Day4","APOE44F",304.5,NA,NA,24.025,0.362625,0.1125,2.825,0.05865,NA,5.6,0.10085,NA,4.475,0.0826,NA,11.125,0.12055,0.0995,NA,NA,4.475,0.7895,NA,NA,0.675255944644086,0.5938629955301,9.23533551,NA,12,"200331_21","E44","B","F","Day4","APOE44F",0.054572764466179
"55","200331_21","E44","B","F","Day5","APOE44F",388.5,NA,NA,12.65,0.1601,0.10875,0.95,0.012325,NA,5.225,0.0756,NA,1.025,0.013425,NA,5.5,0.0588,0.09725,1.48075,10.625,0.45,0.0575,NA,NA,0.645458143677024,0.618480995694926,4.81605065,NA,12,"200331_21","E44","B","F","Day5","APOE44F",0.0145429907924733
"56","210222_17","E22","D","F","Day1","E22_F",42.5,NA,NA,50.725,0.990775,0.19375,8.35,0.170425,0.21825,13.65,0.240525,0.19775,18.575,0.35425,0.183,10.15,0.225575,0.2255,NA,NA,18.4,3.13825,0.16675,NA,0.204268558951965,0.238521636289902,16.3545898325,12.37,12,"210222_17","E22","D","F","Day1","E22_F",-0.194721879248671
"57","210503-21","E22","D","F","Day1","E22_F",54,NA,NA,50.225,0.960175,0.184,6.75,0.1511,NA,8.925,0.171825,NA,4.825,0.10495,NA,6,0.098225,0.1825,NA,NA,23.825,4.36925,0.16475,NA,0.17405303030303,0.140592671090375,17.2658106875,11.87,12,"210503-21","E22","D","F","Day1","E22_F",-0.251540536934879
"58","210503-22","E22","D","F","Day1","E22_F",55,NA,NA,37.525,0.6322,0.13375,9.5,0.1773,NA,9.5,0.190025,NA,1.325,0.024925,NA,2.575,0.030875,NA,NA,NA,14.6,2.0905,NA,NA,0.307392996108949,NA,14.186237525,11.87,12,"210503-22","E22","D","F","Day1","E22_F",-0.255309005397979
"59","210222_17","E22","D","F","Day2","E22_F",110.5,NA,NA,29.125,0.517875,0.1655,5.375,0.111825,NA,8.8,0.1603,NA,2.525,0.053425,NA,12.425,0.192325,0.13475,4.90275,25.05,3.375,0.72075,NA,NA,0.454550331693172,0.364739249980284,9.702841905,12.37,12,"210222_17","E22","D","F","Day2","E22_F",-0.0215209675641768
"60","210503-21","E22","D","F","Day2","E22_F",142,NA,NA,31.8,0.58195,0.169,3.8,0.084925,NA,7.725,0.142625,0.19075,8.65,0.174425,NA,8.575,0.12835,0.15075,NA,NA,3.075,0.51625,NA,NA,0.352914985203121,0.284014339430174,11.61547209,11.87,12,"210503-21","E22","D","F","Day2","E22_F",-0.113606472861361
"61","210503-22","E22","D","F","Day2","E22_F",143,NA,NA,60,1.0994,0.18325,8.7,0.15805,0.20625,10.275,0.1973,0.1915,5.025,0.084275,0.18325,6.55,0.116325,0.18675,NA,NA,30.35,5.59475,0.18325,NA,0.109166666666667,0.106535504122294,16.92967567,11.87,12,"210503-22","E22","D","F","Day2","E22_F",-0.318473295112571
"62","210222_17","E22","D","F","Day3","E22_F",178.5,NA,NA,20.275,0.301625,0.12925,4.625,0.09875,NA,3.7,0.04755,NA,2.025,0.03925,NA,9.975,0.1161,0.11225,2.83525,16.25,0.425,0.06475,NA,NA,0.639042639111091,0.587693721903891,7.788046665,12.37,12,"210222_17","E22","D","F","Day3","E22_F",0.0640622703561908
"63","210503-21","E22","D","F","Day3","E22_F",230,NA,NA,12,0.168275,0.143,1.975,0.029175,NA,0.85,0.014875,NA,1.65,0.027425,NA,7.325,0.095275,0.128,1.3185,7.975,0.2,0.0155,NA,NA,0.669806101877867,0.627945649589727,5.110080185,11.87,12,"210503-21","E22","D","F","Day3","E22_F",0.132342966380659
"64","210503-22","E22","D","F","Day3","E22_F",231,NA,NA,46.4,0.6644,0.11675,3.875,0.03295,NA,13.075,0.128725,NA,2.95,0.061425,NA,6.025,0.07545,0.144,NA,NA,21.1,3.79625,NA,NA,0.327083333333333,0.341471581159057,15.76240279,11.87,12,"210503-22","E22","D","F","Day3","E22_F",-0.282003611110378
"65","210222_17","E22","D","F","Day4","E22_F",246.5,NA,NA,19.275,0.2791,0.13625,2.725,0.04965,NA,1.5,0.0206,NA,5.125,0.082825,NA,9.925,0.12605,0.1235,2.4495,15.225,0,0,NA,NA,0.605294495360685,0.568348208169268,8.9455422075,12.37,12,"210222_17","E22","D","F","Day4","E22_F",0.0494138089915181
"66","210503-21","E22","D","F","Day4","E22_F",318,NA,NA,14.2,0.18215,0.1345,0.7,0.014675,NA,3.175,0.044675,NA,0.75,0.0186,NA,7.875,0.094025,0.12075,1.489,10.1,1.625,0.102,NA,NA,0.591087861035596,0.563292181427977,5.80732764,11.87,12,"210503-21","E22","D","F","Day4","E22_F",0.0304322540699963
"67","210503-22","E22","D","F","Day4","E22_F",319,NA,NA,33.2,0.4991,0.15625,3.225,0.048075,NA,2.275,0.024525,NA,11.75,0.220675,0.19725,11.625,0.108525,0.09475,4.92175,29.125,4.35,0.97325,0.22925,NA,0.315374744135904,0.198402037124355,13.0827924075,11.87,12,"210503-22","E22","D","F","Day4","E22_F",-0.185935421131165
"68","210222_17","E22","D","F","Day5","E22_F",314.5,NA,NA,23.375,0.379375,0.16325,4.5,0.08995,NA,6.175,0.09865,NA,3.925,0.08575,NA,8.85,0.105025,0.12775,3.394,19.3,0.4,0.0165,NA,NA,0.40440706351247,0.32405635110058,9.6610739725,12.37,12,"210222_17","E22","D","F","Day5","E22_F",-0.0778034193688646
"69","210503-21","E22","D","F","Day5","E22_F",406,NA,NA,11.8,0.12715,0.1085,0.625,0.00965,NA,2.625,0.03025,NA,0.4,0.00615,NA,7.875,0.078225,0.09925,1.0105,7.775,0.275,0.029,NA,NA,0.732397087028455,0.674218612085118,4.82954739,11.87,12,"210503-21","E22","D","F","Day5","E22_F",0.100799802630128
"70","210503-22","E22","D","F","Day5","E22_F",407,NA,NA,19.1,0.261125,0.14,3.95,0.0469,NA,1.6,0.0158,NA,7.475,0.122225,NA,5.7,0.075375,0.13,NA,15.025,0.375,0.00875,NA,NA,0.421103652134357,0.410153014439293,8.6565369,11.87,12,"210503-22","E22","D","F","Day5","E22_F",-0.124545061528166
"71","210503-18","E22","A","M","Day1","E22_M",51,NA,NA,60,1.083975,0.18075,9.125,0.192825,0.19675,12.85,0.241225,0.19025,4.125,0.0746,NA,2.925,0.05165,NA,NA,NA,31.15,5.28625,0.1695,NA,0.04875,0.0501034029061476,22.61637217,11.87,12,"210503-18","E22","A","M","Day1","E22_M",-0.385711276917
"72","210503-19","E22","A","M","Day1","E22_M",52,NA,NA,46.775,0.903175,0.169,6.175,0.117225,NA,5.45,0.1059,NA,3.925,0.07915,NA,4.625,0.06895,0.15825,NA,NA,26.675,5.3365,NA,NA,0.2975,0.295760427811433,14.01933272,11.87,12,"210503-19","E22","A","M","Day1","E22_M",-0.169021458064482
"73","210503-20","E22","A","M","Day1","E22_M",53,NA,NA,51.475,0.947125,0.1815,14.075,0.2737,0.19375,5.125,0.1081,0.213,4.025,0.0833,NA,2.325,0.02745,NA,NA,NA,26.075,4.58975,0.1775,NA,0.0705678893178893,0.0385819146438402,17.62263502,11.87,12,"210503-20","E22","A","M","Day1","E22_M",-0.361846993057782
"74","210222_16","E22","C","M","Day1","E22_M",41.5,NA,NA,46.95,1.048825,0.21425,9.575,0.2165,0.23975,12.275,0.276775,0.2435,13.1,0.285225,NA,12,0.270325,0.21625,NA,NA,23.925,5.176,NA,NA,0.378461538461538,0.359182583367392,11.1106134225,12.37,12,"210222_16","E22","C","M","Day1","E22_M",0.0354058843905518
"75","210503-18","E22","A","M","Day2","E22_M",139,NA,NA,53.55,0.9254,0.16475,7.25,0.10375,NA,8.725,0.126075,0.18275,5.425,0.077325,NA,7.15,0.08445,0.1435,NA,NA,25.025,5.352,0.19575,NA,0.143777205040092,0.105528390186476,18.0014891325,11.87,12,"210503-18","E22","A","M","Day2","E22_M",-0.334340488758586
"76","210503-19","E22","A","M","Day2","E22_M",140,NA,NA,50.5,0.92995,0.176,4.15,0.077925,0.189,6.275,0.0957,0.1705,11.225,0.19265,0.195,7.025,0.124325,0.177,NA,NA,21.975,4.42825,0.17975,NA,0.171060606060606,0.185629834834999,14.4070082575,11.87,12,"210503-19","E22","A","M","Day2","E22_M",-0.276361169618142
"77","210503-20","E22","A","M","Day2","E22_M",141,NA,NA,36.7,0.781375,0.199,6.825,0.137225,0.22375,6.125,0.148175,0.238,6.85,0.1399,0.2065,9.175,0.16325,0.2125,NA,NA,7.7,1.928,0.21125,NA,0.288276461407299,0.219110881538969,11.435513755,11.87,12,"210503-20","E22","A","M","Day2","E22_M",-0.0963892150040368
"78","210222_16","E22","C","M","Day2","E22_M",109.5,NA,NA,41.525,0.80185,0.174,10.625,0.23145,NA,12.625,0.2276,0.19575,7.75,0.1474,NA,10.475,0.19535,0.1685,NA,NA,15.3,2.71475,0.157,NA,0.275950555261766,0.254563762708384,12.594021795,12.37,12,"210222_16","E22","C","M","Day2","E22_M",-0.176928272527191
"79","210503-18","E22","A","M","Day3","E22_M",227,NA,NA,17.05,0.2109,0.124,1.6,0.019875,NA,2.025,0.0275,NA,2.05,0.040525,NA,9.125,0.093275,0.1015,2.012,12.975,2.275,0.297,NA,NA,0.539856951392037,0.438192746402897,8.1005426725,11.87,12,"210503-18","E22","A","M","Day3","E22_M",-0.0494481791521636
"80","210503-19","E22","A","M","Day3","E22_M",228,NA,NA,27.2,0.450025,0.1305,3.025,0.047325,NA,1.05,0.0164,NA,3.65,0.074325,NA,8.475,0.1014,0.12525,NA,NA,11.025,2.106,NA,NA,0.50517008555819,0.476578475844806,8.50895815,11.87,12,"210503-19","E22","A","M","Day3","E22_M",-0.0663996256278295
"81","210503-20","E22","A","M","Day3","E22_M",229,NA,NA,13.575,0.183025,0.1195,1.625,0.025325,NA,2.4,0.0518,NA,1.925,0.0316,NA,7.025,0.06425,0.08575,1.7745,9.5,0.6,0.10025,NA,NA,0.564020272752145,0.428545668291481,5.33645948,11.87,12,"210503-20","E22","A","M","Day3","E22_M",-0.0375632250400285
"82","210222_16","E22","C","M","Day3","E22_M",177.5,NA,NA,38.15,0.61215,0.13775,7.825,0.1149,NA,9.525,0.1668,NA,9.675,0.168175,0.166,11.1,0.1623,0.1415,NA,NA,14,2.211,0.14975,NA,0.415609401790817,0.387985173420443,12.563494835,12.37,12,"210222_16","E22","C","M","Day3","E22_M",-0.136178495495692
"83","210503-18","E22","A","M","Day4","E22_M",315,NA,NA,17.575,0.290475,0.16525,0.675,0.014925,NA,1.95,0.03735,NA,3.425,0.05875,NA,9.8,0.143975,0.1365,2.40325,13.475,1.725,0.35475,0.2635,NA,0.57440411455706,0.475711901511532,7.72442718,11.87,12,"210503-18","E22","A","M","Day4","E22_M",0.0976506837859349
"84","210503-19","E22","A","M","Day4","E22_M",316,NA,NA,15.45,0.17965,0.1185,0.5,0.00825,NA,0.7,0.01415,NA,3.75,0.053125,NA,9.1,0.08955,0.0985,1.63025,11.35,1.4,0.14575,NA,NA,0.673039697720782,0.587018439157953,6.641237715,11.87,12,"210503-19","E22","A","M","Day4","E22_M",0.0687276738735046
"85","210503-20","E22","A","M","Day4","E22_M",317,NA,NA,13.325,0.1793,0.106,1,0.01615,NA,2.3,0.04415,NA,1.55,0.032175,NA,8.45,0.08685,0.0895,1.73875,9.225,0,0,NA,NA,0.730374130999235,0.663978000929342,5.4932315,11.87,12,"210503-20","E22","A","M","Day4","E22_M",0.0919555314631458
"86","210222_16","E22","C","M","Day4","E22_M",245.5,NA,NA,9.975,0.1745,0.16775,0.375,0.0053,NA,2.025,0.034275,NA,1.175,0.0459,NA,6.425,0.089,0.131,1.205,5.975,0.95,0.1465,NA,NA,0.6839385255729,0.587444055316129,4.76799067,12.37,12,"210222_16","E22","C","M","Day4","E22_M",0.214006409939537
"87","210503-18","E22","A","M","Day5","E22_M",403,NA,NA,18.825,0.252425,0.13,0.625,0.01085,NA,3.4,0.0521,NA,4.275,0.073075,NA,10.5,0.1164,0.10725,2.4705,14.75,0,0,NA,NA,0.575495212790353,0.473683598852577,7.8268160525,11.87,12,"210503-18","E22","A","M","Day5","E22_M",0.00256123857678115
"88","210503-19","E22","A","M","Day5","E22_M",404,NA,NA,17.725,0.217125,0.11175,1.125,0.01465,NA,6.125,0.081075,NA,2.725,0.048825,NA,7.65,0.071775,0.087,2.04,13.675,0.125,0.0085,NA,NA,0.469590053763441,0.359206604236115,6.685255085,11.87,12,"210503-19","E22","A","M","Day5","E22_M",-0.153139520955795
"89","210503-20","E22","A","M","Day5","E22_M",405,NA,NA,7.65,0.0779,0.09225,0,0,NA,0,0,NA,1.075,0.0161,NA,6.275,0.05855,0.08575,0.58225,3.575,0.3,0.03225,NA,NA,0.855039482342619,0.815771241655559,4.1483465075,11.87,12,"210503-20","E22","A","M","Day5","E22_M",0.179103649548838
"90","210222_16","E22","C","M","Day5","E22_M",313.5,NA,NA,12.55,0.2123,0.173,0.85,0.0153,NA,1.75,0.040375,0.2385,1.05,0.01935,NA,8.9,0.13735,0.15875,1.841,8.475,0.55,0.1165,NA,NA,0.719923281709637,0.653752279729957,4.5489972725,12.37,12,"210222_16","E22","C","M","Day5","E22_M",0.264315927865574
"91","190715_7","E22","D","F","Day1","E2f",22,NA,NA,60,0.97945,0.16325,14.6,0.2707,0.1875,15.475,0.2403,NA,18.975,0.305375,0.16525,10.9,0.1631,NA,NA,NA,41.3,6.11475,0.1515,NA,0.181666666666667,0.159693171044441,28.291341355,13.37,12,"190715_7","E22","D","F","Day1","E2f",-0.300543816214668
"92","190715_8","E22","D","F","Day1","E2f",23,NA,NA,50.975,0.80245,0.156,12.2,0.20925,NA,15.325,0.21045,NA,16.95,0.2795,NA,6.525,0.103225,NA,NA,NA,28.825,4.28175,0.23,NA,0.171056485355649,0.173687836216364,33.122762595,13.37,12,"190715_8","E22","D","F","Day1","E2f",-0.330935811425197
"93","190715_7","E22","D","F","Day2","E2f",62,NA,NA,41.45,0.7911,0.176,10.275,0.182325,NA,11.675,0.225925,NA,7.975,0.1779,0.2145,11.5,0.20495,0.16775,NA,NA,10.75,1.6465,NA,NA,0.357222941853771,0.319226005161163,12.6612074675,13.37,12,"190715_7","E22","D","F","Day2","E2f",-0.0901988338249771
"94","190715_8","E22","D","F","Day2","E2f",63,NA,NA,32.45,0.55695,0.11175,10.75,0.1827,NA,8.55,0.143425,NA,6.25,0.122025,NA,6.925,0.108825,0.12425,NA,NA,11.825,2.05825,NA,NA,0.484800724637681,NA,10.49428235,13.37,12,"190715_8","E22","D","F","Day2","E2f",-0.137928850081555
"95","190715_7","E22","D","F","Day3","E2f",102,NA,NA,18.9,0.30525,0.154,1.9,0.0308,NA,3,0.03415,NA,4.35,0.0849,NA,9.65,0.15535,0.159,2.98425,16.85,0.825,0.126,NA,NA,0.631996753246753,0.648397997072031,7.7832950725,13.37,12,"190715_7","E22","D","F","Day3","E2f",0.124547404355698
"96","190715_8","E22","D","F","Day3","E2f",103,NA,NA,32.95,0.63425,0.1525,6.65,0.1183,NA,10.9,0.21405,NA,7.175,0.155075,NA,8.225,0.146825,0.16225,NA,NA,12.7,2.3495,NA,NA,0.517638888888889,0.51628902024842,8.809490395,13.37,12,"190715_8","E22","D","F","Day3","E2f",0.00609675091517656
"97","190715_7","E22","D","F","Day4","E2f",142,NA,NA,22.375,0.383725,0.1145,0.6,0.0085,NA,8.225,0.14,NA,4.7,0.096025,NA,8.85,0.1392,0.11875,NA,NA,2.95,0.5375,NA,NA,0.654097026162244,0.658033437865257,6.8945956,13.37,12,"190715_7","E22","D","F","Day4","E2f",0.0388708980945462
"98","190715_8","E22","D","F","Day4","E2f",143,NA,NA,34.35,0.62375,0.1435,4.55,0.083625,NA,5.975,0.117925,NA,8.8,0.169475,NA,15.075,0.2527,0.14175,NA,NA,18.45,2.93075,NA,NA,0.618055555555556,0.578911470737399,12.3193674375,13.37,12,"190715_8","E22","D","F","Day4","E2f",0.0819566830858994
"99","190715_7","E22","D","F","Day5","E2f",182,NA,NA,23.8,0.4187,0.1245,3.35,0.068425,NA,2.025,0.047775,NA,8.425,0.15755,NA,10.025,0.144975,0.11425,4.12425,22.225,3.675,0.64175,NA,NA,0.61168900471581,0.590852241853837,8.6061932825,13.37,12,"190715_7","E22","D","F","Day5","E2f",0.0237481371991617
"100","190715_8","E22","D","F","Day5","E2f",183,NA,NA,22.375,0.4756,0.2075,2.325,0.059,0.246,4.775,0.104825,NA,6.7,0.160025,0.2435,8.55,0.151725,0.1635,4.70075,20.3,3.65,0.7025,0.206,NA,0.399309111156269,0.320351732967324,6.681826065,13.37,12,"190715_8","E22","D","F","Day5","E2f",0.0378359062133241
"101","190715_10","E22","A","M","Day1","E2m",25,NA,NA,56.925,0.955525,0.166,18.7,0.30695,0.16175,15.05,0.29165,0.17975,13.45,0.226975,0.16475,9.725,0.13,0.1595,NA,NA,37.075,5.487,0.148,NA,0.185720649895178,0.170404903353581,25.7695165,13.37,12,"190715_10","E22","A","M","Day1","E2m",-0.288986386334618
"102","190715_5","E22","A","M","Day1","E2m",20,NA,NA,38.625,0.752725,0.18425,13.5,0.28175,0.20675,14.075,0.261,0.18525,6.825,0.15555,NA,4.175,0.054425,0.14975,NA,NA,18.975,3.63075,NA,NA,0.18485119047619,0.111772872828464,16.0707918825,13.37,12,"190715_5","E22","A","M","Day1","E2m",-0.240060245247942
"103","190715_6","E22","A","M","Day1","E2m",21,NA,NA,54.15,1.044475,0.19125,18.475,0.364675,0.19675,11.475,0.201925,NA,13.625,0.2816,0.22725,10.55,0.1963,0.18625,NA,NA,32.65,6.10725,0.189,NA,0.208333333333333,0.209142099144451,22.95884426,13.37,12,"190715_6","E22","A","M","Day1","E2m",-0.197478420005065
"104","190715_9","E22","A","M","Day1","E2m",24,NA,NA,46.025,0.838275,0.197,15.85,0.2597,NA,8.2,0.177975,NA,14.325,0.254525,NA,7.65,0.146075,0.19925,NA,NA,25.05,4.33925,0.21,NA,0.221627881303541,0.217390666434791,22.7819707675,13.37,12,"190715_9","E22","A","M","Day1","E2m",-0.168494847218004
"105","190715_10","E22","A","M","Day2","E2m",65,NA,NA,23.9,0.359225,0.106,4.225,0.0611,NA,7.375,0.13275,NA,4.6,0.069825,NA,7.675,0.095575,0.10125,3.548,21.675,12.075,1.6165,NA,NA,0.527887169077222,0.526043272123935,9.91086391,13.37,12,"190715_10","E22","A","M","Day2","E2m",-0.110531430458866
"106","190715_5","E22","A","M","Day2","E2m",60,NA,NA,44.125,0.8529,0.18975,17.625,0.33025,0.19025,13.75,0.27765,NA,9.5,0.19805,NA,3.225,0.04695,0.122,NA,NA,6.125,0.99675,0.16175,NA,0.101258371034941,0.0661036127367899,13.7459562475,13.37,12,"190715_5","E22","A","M","Day2","E2m",-0.308646171386115
"107","190715_6","E22","A","M","Day2","E2m",61,NA,NA,37.15,0.7486,0.176,5.2,0.123725,NA,9.8,0.1774,NA,4.775,0.109025,NA,17.375,0.33845,0.18,NA,NA,11.5,1.9755,0.1465,NA,0.562061968889529,0.579634905246202,12.91008543,13.37,12,"190715_6","E22","A","M","Day2","E2m",0.114640193210781
"108","190715_9","E22","A","M","Day2","E2m",64,NA,NA,37.7,0.626475,0.157,16.35,0.26255,NA,11.075,0.201975,NA,6.7,0.118125,NA,3.55,0.043825,NA,NA,NA,18.25,2.59275,0.154,NA,0.259510906845932,0.236406145442144,15.237627885,13.37,12,"190715_9","E22","A","M","Day2","E2m",-0.239752863879808
"109","190715_10","E22","A","M","Day3","E2m",105,NA,NA,47.25,0.652275,0.12975,8.75,0.120125,NA,12.05,0.16325,NA,8.55,0.111275,0.1365,17.9,0.2576,0.1485,NA,NA,19.325,2.00175,0.09625,NA,0.398726341653287,0.483810872769522,17.651740935,13.37,12,"190715_10","E22","A","M","Day3","E2m",-0.174889764074061
"110","190715_5","E22","A","M","Day3","E2m",100,NA,NA,53.1,0.98145,0.18075,15.725,0.2901,0.186,6.025,0.1265,0.222,19.425,0.390325,0.1955,11.95,0.17455,0.15425,NA,NA,4.7,0.667,0.1425,NA,0.253117283950617,0.20121186820869,16.33441186,13.37,12,"190715_5","E22","A","M","Day3","E2m",-0.181343992966382
"111","190715_6","E22","A","M","Day3","E2m",101,NA,NA,24.85,0.4271,0.15875,1.95,0.02955,NA,6.95,0.11645,0.1685,3.925,0.070825,NA,12.05,0.2103,0.13625,NA,NA,7.075,1.15775,NA,NA,0.384738881082643,0.336492982878622,9.8041589575,13.37,12,"190715_6","E22","A","M","Day3","E2m",-0.109749969046664
"112","190715_9","E22","A","M","Day3","E2m",104,NA,NA,38.225,0.65655,0.16075,6.6,0.121875,NA,7.9,0.1294,NA,12.325,0.223075,0.186,11.375,0.1822,0.1575,NA,NA,10.025,1.48675,0.12775,NA,0.417332610642476,0.423749935953584,12.8849613425,13.37,12,"190715_9","E22","A","M","Day3","E2m",-0.0716991873766208
"113","190715_10","E22","A","M","Day4","E2m",145,NA,NA,16.925,0.199225,0.11625,1.425,0.008725,NA,3.075,0.03055,NA,3.725,0.06295,NA,8.675,0.096975,0.1065,1.91375,14.9,6.175,0.5485,0.0875,NA,0.508344560324758,0.469819067790016,8.536378745,13.37,12,"190715_10","E22","A","M","Day4","E2m",-0.102106647146505
"114","190715_5","E22","A","M","Day4","E2m",140,NA,NA,25,0.4698,0.149,3.425,0.066575,NA,4.95,0.102875,NA,6.625,0.124025,NA,10,0.176275,0.143,NA,NA,4.5,0.6665,NA,NA,0.591185513040168,0.573636085479723,8.5098911825,13.37,12,"190715_5","E22","A","M","Day4","E2m",0.0700935338735882
"115","190715_6","E22","A","M","Day4","E2m",141,NA,NA,21.675,0.4121,0.156,1.475,0.035425,NA,3.675,0.057125,NA,7.9,0.174325,NA,8.65,0.14525,0.13325,NA,NA,2.175,0.30325,NA,NA,0.472764094956883,0.400792978584756,8.8374872175,13.37,12,"190715_6","E22","A","M","Day4","E2m",-0.0292282018239622
"116","190715_9","E22","A","M","Day4","E2m",144,NA,NA,22.2,0.378025,0.15775,2.325,0.0409,NA,4.7,0.0811,NA,2.725,0.052375,NA,12.45,0.203675,0.1555,3.7045,20.125,5.175,0.931,NA,NA,0.727451692346552,0.723358358777397,8.2307082575,13.37,12,"190715_9","E22","A","M","Day4","E2m",0.23023431616214
"117","190715_10","E22","A","M","Day5","E2m",185,NA,NA,24.7,0.395175,0.14575,3.425,0.0588,NA,2.225,0.03575,NA,10.025,0.16775,NA,9,0.1329,0.14475,NA,NA,8.8,1.06725,NA,NA,0.559921880695336,0.522714714687672,9.7139490725,13.37,12,"190715_10","E22","A","M","Day5","E2m",0.0299621918496661
"118","190715_5","E22","A","M","Day5","E2m",180,NA,NA,23.4,0.443175,0.17425,7.25,0.15185,NA,4.875,0.0974,NA,3.925,0.083625,NA,7.375,0.1103,0.13375,4.331,21.325,0.725,0.12425,NA,NA,0.446618517413306,0.395260794734986,8.4639936225,13.37,12,"190715_5","E22","A","M","Day5","E2m",-0.00557817886187487
"119","190715_6","E22","A","M","Day5","E2m",181,NA,NA,20.625,0.39725,0.126,2.525,0.0562,NA,1.825,0.03875,NA,6.425,0.1444,NA,9.875,0.157875,0.09925,3.91475,18.475,1.575,0.2775,NA,NA,0.612218447699719,NA,7.49665353,13.37,12,"190715_6","E22","A","M","Day5","E2m",0.0283703692657272
"120","190715_9","E22","A","M","Day5","E2m",184,NA,NA,40.35,0.7615,0.196,15.65,0.272125,0.18675,8.95,0.1712,0.19575,8.825,0.177175,0.222,6.95,0.141025,0.19775,NA,NA,16.4,2.65325,0.18325,NA,0.181287963759712,0.18125569120699,13.390995555,13.37,12,"190715_9","E22","A","M","Day5","E2m",-0.211563290816939
"121","210201_1","E33","A","F","Day1","E33_F",29.5,NA,NA,46.875,0.8845,0.1645,8.425,0.15805,NA,10.775,0.1772,NA,12.2,0.25025,0.16875,14.375,0.2746,0.175,NA,NA,26.6,4.628,0.153,NA,0.429166666666667,0.457715139984746,13.823174745,13.2,12,"210201_1","E33","A","F","Day1","E33_F",-0.0496331586457872
"122","210201_2","E33","A","F","Day1","E33_F",30.5,NA,NA,38.55,0.8382,0.208,7.775,0.176325,NA,13.15,0.295775,0.22725,2.875,0.07785,NA,13.95,0.2666,0.158,NA,NA,22.1,4.87525,0.2155,NA,0.358568708949997,0.289696547075812,11.625068095,13.2,12,"210201_2","E33","A","F","Day1","E33_F",-0.00154023296539502
"123","210201_3","E33","A","F","Day1","E33_F",31.5,NA,NA,40.575,0.81015,0.19275,8.575,0.1916,0.2225,12.575,0.2644,0.199,9.45,0.1975,0.2225,9.6,0.147575,0.16075,NA,NA,9.625,1.879,0.19425,NA,0.262312114606108,0.197721452636553,11.3254206,13.2,12,"210201_3","E33","A","F","Day1","E33_F",-0.139406849649634
"124","210201_4","E33","A","F","Day1","E33_F",32.5,NA,NA,26.325,0.59255,0.20675,2.5,0.061675,NA,8.025,0.1734,0.19425,3.375,0.09295,NA,12.425,0.26455,0.2055,5.376,22.3,10.775,2.23,0.18775,NA,0.530760212075638,0.543874686479296,7.41858451,13.2,12,"210201_4","E33","A","F","Day1","E33_F",0.167240612591364
"125","210201_5","E33","A","F","Day1","E33_F",33.5,NA,NA,29.15,0.553775,0.17975,5.125,0.09635,NA,6.65,0.144875,NA,3.775,0.078525,NA,13.6,0.234075,0.13525,NA,NA,10.75,1.93475,0.17525,NA,0.439342578379142,0.335264949044113,11.3059434475,13.2,12,"210201_5","E33","A","F","Day1","E33_F",0.00215277540703717
"126","210222_10","E33","B","F","Day1","E33_F",35.5,NA,NA,34.825,0.65445,0.16675,10.7,0.20435,NA,9.425,0.197875,NA,6.675,0.143225,NA,8,0.10895,0.13875,NA,NA,10.85,1.97125,NA,NA,0.409582517086762,0.341600277256195,12.494046555,11.7,12,"210222_10","E33","B","F","Day1","E33_F",-0.0630781246017063
"127","210222_11","E33","B","F","Day1","E33_F",36.5,NA,NA,34.375,0.67185,0.192,9.625,0.19475,NA,7.55,0.153225,NA,6.15,0.127725,0.223,11.025,0.196175,0.17775,NA,NA,21.825,4.12125,NA,NA,0.489847433211105,0.449169280994442,11.289823725,11.7,12,"210222_11","E33","B","F","Day1","E33_F",0.0860820744140353
"128","210222_12","E33","B","F","Day1","E33_F",37.5,NA,NA,60,1.20025,0.20025,5.675,0.11045,NA,31.275,0.638925,0.204,4.625,0.0714,NA,18.45,0.3795,0.20225,NA,NA,37.35,7.078,0.18775,NA,0.3075,0.314366678185418,16.7944303725,11.7,12,"210222_12","E33","B","F","Day1","E33_F",-0.0737550188424548
"129","210222_7","E33","B","F","Day1","E33_F",32.5,NA,NA,43.45,0.884475,0.19925,9.05,0.19165,0.22325,10.05,0.21345,0.21575,11.875,0.25915,0.216,12.45,0.220275,0.1645,NA,NA,24.025,4.56825,0.19,NA,0.305084702619198,0.243784667044717,13.895154965,12.17,12,"210222_7","E33","B","F","Day1","E33_F",-0.0788988422783617
"130","210222_8","E33","B","F","Day1","E33_F",33.5,NA,NA,45.175,1.066075,0.216,11.925,0.277775,NA,14.95,0.370775,0.25375,5.775,0.1468,NA,12.525,0.270725,0.21825,NA,NA,21.225,4.42875,0.19925,NA,0.403527157989633,0.364951155941313,14.05963517,12.17,12,"210222_8","E33","B","F","Day1","E33_F",0.0652464245150795
"131","210222_9","E33","B","F","Day1","E33_F",34.5,NA,NA,39.7,0.824225,0.19575,13.425,0.28245,NA,10.975,0.2257,NA,4.95,0.11985,NA,10.275,0.196275,NA,NA,NA,19.85,3.896,0.212,NA,0.394649722458763,0.353039496402814,13.0798510975,12.17,12,"210222_9","E33","B","F","Day1","E33_F",0.00111633636833635
"132","210201_1","E33","A","F","Day2","E33_F",105.5,NA,NA,18.225,0.30035,0.131,2.1,0.0369,NA,1.55,0.032275,NA,4.65,0.101075,NA,9.95,0.130075,0.0935,2.88675,14.05,1.875,0.37275,NA,NA,0.596133032130867,0.504939891349158,7.5114595925,13.2,12,"210201_1","E33","A","F","Day2","E33_F",0.0259275839723999
"133","210201_2","E33","A","F","Day2","E33_F",106.5,NA,NA,19.575,0.352075,0.1655,3.575,0.070975,NA,2.475,0.059475,NA,5.325,0.1156,0.15725,8.175,0.10605,0.1165,3.442,15.5,3.15,0.6595,NA,NA,0.460972202702645,0.314832080493762,7.53681652,13.2,12,"210201_2","E33","A","F","Day2","E33_F",-0.0150990965547038
"134","210201_3","E33","A","F","Day2","E33_F",107.5,NA,NA,28.3,0.553175,0.16225,6,0.141625,NA,3.275,0.07885,NA,10.725,0.24225,NA,8.2,0.090425,0.118,NA,NA,6.6,1.5915,NA,NA,0.481952136659118,0.387292610158053,8.71019331,13.2,12,"210201_3","E33","A","F","Day2","E33_F",-0.00298687227732197
"135","210201_4","E33","A","F","Day2","E33_F",108.5,NA,NA,16.675,0.32365,0.172,1.85,0.048975,NA,3.375,0.079725,NA,3.35,0.085475,NA,8.1,0.1095,0.125,3.12175,12.55,0.95,0.2045,NA,NA,0.550425522923788,0.383923389878983,6.9751185125,13.2,12,"210201_4","E33","A","F","Day2","E33_F",0.0920896430246202
"136","210201_5","E33","A","F","Day2","E33_F",109.5,NA,NA,17.6,0.3212,0.159,2.6,0.060275,NA,6.2,0.14305,0.25325,0.575,0.0123,NA,8.225,0.105575,0.118,3.103,13.55,2.5,0.509,NA,NA,0.613558095575639,0.461744264050046,7.2759044875,13.2,12,"210201_5","E33","A","F","Day2","E33_F",0.119751376960109
"137","210222_10","E33","B","F","Day2","E33_F",103.5,NA,NA,35.875,0.692925,0.193,7.9,0.1581,NA,5.3,0.097025,0.20175,9.55,0.1998,0.21075,13.075,0.238,0.18225,6.392,31.85,5.85,1.03925,0.181,NA,0.390897836174155,0.367419864767863,12.5377585675,11.7,12,"210222_10","E33","B","F","Day2","E33_F",-0.0101389965678103
"138","210222_11","E33","B","F","Day2","E33_F",104.5,NA,NA,25.25,0.49095,0.17725,7.625,0.154875,NA,5.1,0.1187,NA,5.825,0.12275,NA,6.725,0.09465,0.15725,NA,NA,7.075,1.3075,0.156,NA,0.447720974900614,0.363517617956474,9.51314741,11.7,12,"210222_11","E33","B","F","Day2","E33_F",0.00370985679074676
"139","210222_12","E33","B","F","Day2","E33_F",105.5,NA,NA,25.25,0.441925,0.14725,5.125,0.091875,NA,4.05,0.0441,NA,7.525,0.1587,NA,8.525,0.147225,0.15975,NA,NA,1.175,0.18475,NA,NA,0.46966046525978,0.490584984470386,9.255837075,11.7,12,"210222_12","E33","B","F","Day2","E33_F",-0.0562064345032326
"140","210222_7","E33","B","F","Day2","E33_F",100.5,NA,NA,23,0.3878,0.15775,4.2,0.0773,NA,2.25,0.047475,NA,8.625,0.134325,NA,7.975,0.1287,0.1645,3.43825,19.3,5.5,0.63175,NA,NA,0.50323521362568,0.503627303822557,8.501699305,12.17,12,"210222_7","E33","B","F","Day2","E33_F",0.0060178374412684
"141","210222_8","E33","B","F","Day2","E33_F",101.5,NA,NA,15.725,0.30155,0.177,2.1,0.04845,NA,1.775,0.044675,0.25625,3.475,0.08485,NA,8.4,0.123575,0.12725,2.91475,11.65,1.475,0.34825,NA,NA,0.569645001067447,0.429056180734203,6.5074878575,12.17,12,"210222_8","E33","B","F","Day2","E33_F",0.124951751443804
"142","210222_9","E33","B","F","Day2","E33_F",102.5,NA,NA,22.825,0.45305,0.1365,3.925,0.090425,NA,8.675,0.1867,NA,2.275,0.057675,NA,7.95,0.11825,0.1235,NA,NA,2.375,0.464,NA,NA,0.62624319264806,0.590009302122604,7.9047586925,12.17,12,"210222_9","E33","B","F","Day2","E33_F",0.0710446377926697
"143","210201_1","E33","A","F","Day3","E33_F",181.5,NA,NA,16.775,0.2628,0.155,2.825,0.03615,NA,4.15,0.0922,NA,1.975,0.043925,0.23475,7.8,0.0905,0.113,2.509,12.675,1.825,0.3845,NA,NA,0.5019234942346,0.373805674279688,5.351309755,13.2,12,"210201_1","E33","A","F","Day3","E33_F",-0.00279732860135043
"144","210201_2","E33","A","F","Day3","E33_F",182.5,NA,NA,11.1,0.176575,0.122,0.575,0.017825,NA,2.075,0.042975,NA,1.65,0.042525,NA,6.825,0.0733,0.08875,1.685,6.95,2.225,0.443,NA,NA,0.731634377038487,0.627585833909943,3.9971693425,13.2,12,"210201_2","E33","A","F","Day3","E33_F",0.136872194384076
"145","210201_3","E33","A","F","Day3","E33_F",183.5,NA,NA,7.925,0.063575,0.068,0,0,NA,2.475,0.03695,NA,0,0,NA,5.45,0.026625,0.04725,0.56475,3.825,0,0,NA,NA,0.77276936026936,0.666756721292842,4.54641289,13.2,12,"210201_3","E33","A","F","Day3","E33_F",0.0306667706392866
"146","210201_4","E33","A","F","Day3","E33_F",184.5,NA,NA,17.675,0.333275,0.148,0.55,0.010825,NA,4.525,0.0837,NA,1.8,0.049725,NA,10.825,0.189,0.164,2.98925,13.5,1.025,0.17175,NA,NA,0.662377315666789,0.710989154642745,5.36614821,13.2,12,"210201_4","E33","A","F","Day3","E33_F",0.138556810445105
"147","210201_5","E33","A","F","Day3","E33_F",185.5,NA,NA,14.25,0.239475,0.16125,0.425,0.0081,NA,4.025,0.079875,NA,1.65,0.035275,NA,8.15,0.11625,0.15875,2.0935,10.2,0.45,0.096,NA,NA,0.61521024681517,0.573300867653489,5.87898221,13.2,12,"210201_5","E33","A","F","Day3","E33_F",0.127542711823626
"148","210222_10","E33","B","F","Day3","E33_F",171.5,NA,NA,15.35,0.232575,0.14475,1.775,0.035325,NA,1.3,0.0249,NA,2.825,0.055675,NA,9.425,0.116675,0.117,2.27,11.325,0.125,0.0305,NA,NA,0.662497978874762,0.583582764438991,7.391558665,11.7,12,"210222_10","E33","B","F","Day3","E33_F",0.129809763973987
"149","210222_11","E33","B","F","Day3","E33_F",172.5,NA,NA,12.925,0.2026,0.15275,0.675,0.015225,NA,1.875,0.035325,NA,1.75,0.037525,NA,8.65,0.11455,0.131,1.86725,8.825,1.575,0.2515,NA,NA,0.684665847651052,0.600625553318257,5.671300055,11.7,12,"210222_11","E33","B","F","Day3","E33_F",0.173805841191116
"150","210222_12","E33","B","F","Day3","E33_F",173.5,NA,NA,23.175,0.41265,0.12575,5.7,0.0965,NA,5.125,0.099975,NA,4,0.092775,NA,8.325,0.123375,0.1025,NA,NA,1.8,0.37725,NA,NA,0.525312961141171,0.446402342770315,7.8157733925,11.7,12,"210222_12","E33","B","F","Day3","E33_F",-0.0592172488065969
"151","210222_7","E33","B","F","Day3","E33_F",168.5,NA,NA,10.35,0.14915,0.13675,0.5,0.0098,NA,0.45,0.010175,NA,1.15,0.02035,NA,8.225,0.10885,0.1215,1.23325,6.175,1.525,0.2325,NA,NA,0.8063277000777,0.724534182170761,4.0118318675,12.17,12,"210222_7","E33","B","F","Day3","E33_F",0.251811276736086
"152","210222_8","E33","B","F","Day3","E33_F",169.5,NA,NA,24.3,0.5161,0.20625,3.325,0.083325,NA,2.1,0.057775,0.2735,7.475,0.17635,0.24,11.4,0.19865,0.17375,4.90725,20.225,1.3,0.2885,NA,NA,0.519190013481178,0.437234090698129,8.5253705925,12.17,12,"210222_8","E33","B","F","Day3","E33_F",0.154306150969353
"153","210222_9","E33","B","F","Day3","E33_F",170.5,NA,NA,12.775,0.213675,0.16375,0.2,0.004075,NA,0,0,NA,2.1,0.0495,NA,10.475,0.1601,0.14575,1.80425,8.15,1.35,0.3575,NA,NA,0.844582528669861,0.750175130479947,5.8413857175,12.17,12,"210222_9","E33","B","F","Day3","E33_F",0.363736308816079
"154","210201_1","E33","A","F","Day4","E33_F",257.5,NA,NA,10.125,0.171325,0.1665,0.325,0.008925,NA,1.125,0.021175,NA,1.875,0.037825,NA,6.8,0.103425,0.16075,1.265,6.05,1.025,0.18625,NA,NA,0.693639705882353,0.662324681261142,3.4815188475,13.2,12,"210201_1","E33","A","F","Day4","E33_F",0.220296932680109
"155","210201_2","E33","A","F","Day4","E33_F",258.5,NA,NA,16.475,0.26715,0.12325,0.35,0.009275,NA,2.325,0.052125,NA,3.25,0.074375,NA,10.6,0.13135,0.10625,2.48825,12.425,1.625,0.307,NA,NA,0.80804539295393,0.718230844097273,5.3012786875,13.2,12,"210201_2","E33","A","F","Day4","E33_F",0.2166938678684
"156","210201_3","E33","A","F","Day4","E33_F",259.5,NA,NA,15.775,0.208975,0.1075,0.225,0.0048,NA,2.4,0.038975,NA,3.325,0.062525,NA,9.825,0.1027,0.0945,2.02675,11.7,1.675,0.2575,NA,NA,0.752864215898229,0.692213120104167,5.66989147,13.2,12,"210201_3","E33","A","F","Day4","E33_F",0.118538405444798
"157","210201_4","E33","A","F","Day4","E33_F",260.5,NA,NA,9.125,0.1511,0.138,0.375,0.009825,NA,0.875,0.021625,NA,1.25,0.0526,NA,6.625,0.067,0.0905,1.406,4.925,0.25,0.22875,NA,NA,0.779938208225213,0.597531387732064,5.0284513625,13.2,12,"210201_4","E33","A","F","Day4","E33_F",0.22883244245248
"158","210201_5","E33","A","F","Day4","E33_F",261.5,NA,NA,13.625,0.219775,0.13875,0,0,NA,2.475,0.052625,NA,1.725,0.0432,NA,9.45,0.123975,0.1135,2.1185,9.575,0.725,0.11075,NA,NA,0.749355222727468,0.638467535976548,5.5128775475,13.2,12,"210201_5","E33","A","F","Day4","E33_F",0.200295851496064
"159","210222_10","E33","B","F","Day4","E33_F",239.5,NA,NA,8.1,0.096875,0.11625,0.8,0.016675,NA,0.6,0.01355,NA,1.15,0.01645,NA,5.575,0.050225,0.08925,0.762,4.1,0.25,0.02575,NA,NA,0.733989260128304,0.605201896559919,4.2191043575,11.7,12,"210222_10","E33","B","F","Day4","E33_F",0.123538052657041
"160","210222_11","E33","B","F","Day4","E33_F",240.5,NA,NA,9.225,0.1263,0.1275,0.375,0.0069,NA,1.325,0.02665,NA,0.35,0.005075,NA,7.225,0.08765,0.11875,1.005,5.175,0,0,NA,NA,0.837449145944096,0.808358584922562,4.7157240025,11.7,12,"210222_11","E33","B","F","Day4","E33_F",0.257693856592762
"161","210222_12","E33","B","F","Day4","E33_F",241.5,NA,NA,12.675,0.180925,0.13975,0.375,0.00685,NA,1.8,0.02855,NA,2.675,0.04175,NA,7.85,0.1038,0.13175,1.48775,8.625,0.675,0.029,NA,NA,0.64831538713985,0.591966015939425,5.8794366925,11.7,12,"210222_12","E33","B","F","Day4","E33_F",0.101984541963551
"162","210222_7","E33","B","F","Day4","E33_F",236.5,NA,NA,15.575,0.2682,0.16625,0.225,0.00245,NA,2.875,0.05855,NA,1.625,0.036025,NA,10.85,0.171175,0.1545,2.301,11.5,1.25,0.192,0.161,NA,0.725050199243524,0.681377352992041,6.4197528775,12.17,12,"210222_7","E33","B","F","Day4","E33_F",0.251025294527503
"163","210222_8","E33","B","F","Day4","E33_F",237.5,NA,NA,15.6,0.3005,0.16575,0,0,NA,2.85,0.063575,0.18175,2.35,0.053225,NA,10.375,0.1837,0.159,2.626,11.525,0.8,0.092,NA,NA,0.78637258551208,0.760632219683139,6.3592473725,12.17,12,"210222_8","E33","B","F","Day4","E33_F",0.310983417768507
"164","210222_9","E33","B","F","Day4","E33_F",238.5,NA,NA,6.175,0.09015,0.14475,0,0,NA,0.15,0.001225,NA,0.775,0.015975,NA,5.25,0.072925,0.13975,0.471,2.15,0.15,0.0225,NA,NA,0.862987987987988,0.821439615889538,3.6682577275,12.17,12,"210222_9","E33","B","F","Day4","E33_F",0.330299773087213
"165","210201_1","E33","A","F","Day5","E33_F",333.5,NA,NA,14.7,0.234975,0.13625,0.75,0.01565,NA,2.45,0.0561,NA,1.325,0.02875,NA,10.2,0.134525,0.115,2.28625,10.65,0,0,NA,NA,0.744881436970989,0.662329666688036,5.58416204,13.2,12,"210201_1","E33","A","F","Day5","E33_F",0.189000750601823
"166","210201_2","E33","A","F","Day5","E33_F",334.5,NA,NA,5.1,0.0257,0.049,0,0,NA,0,0,NA,0,0,NA,5.1,0.0257,0.049,0.1465,0.975,0,0,NA,NA,1,1,3.3549121,13.2,12,"210201_2","E33","A","F","Day5","E33_F",0.206055415322934
"167","210201_3","E33","A","F","Day5","E33_F",335.5,NA,NA,5.65,0.034525,0.05975,0,0,NA,0,0,NA,0.3,0.0033,NA,5.375,0.031175,0.05775,NA,1.575,0,0,NA,NA,0.95441498086386,0.926475310403882,3.8979924175,13.2,12,"210201_3","E33","A","F","Day5","E33_F",0.189802051279171
"168","210201_4","E33","A","F","Day5","E33_F",336.5,NA,NA,7.55,0.094675,0.1115,0.225,0.006825,NA,0.6,0.0154,NA,1.475,0.033225,NA,5.275,0.039225,0.0715,0.8485,3.425,0,0,NA,NA,0.738333843329253,0.556936639597812,4.14866332,13.2,12,"210201_4","E33","A","F","Day5","E33_F",0.114922137096242
"169","210201_5","E33","A","F","Day5","E33_F",337.5,NA,NA,10.225,0.181825,0.1715,0.125,0.00265,NA,0.5,0.0107,NA,2.075,0.05095,NA,7.575,0.1175,0.1505,1.2885,6.2,0.35,0.155,NA,NA,0.74563612264147,0.630037964834801,5.039277345,13.2,12,"210201_5","E33","A","F","Day5","E33_F",0.285935979714751
"170","210222_10","E33","B","F","Day5","E33_F",307.5,NA,NA,11.15,0.1965,0.17975,0,0,NA,1.05,0.017025,NA,1.55,0.042325,0.2475,8.55,0.13715,0.15375,1.2755,7.125,0.05,0.127,NA,NA,0.790615239879946,0.733372032471229,5.8809440725,11.7,12,"210222_10","E33","B","F","Day5","E33_F",0.353425436907841
"171","210222_11","E33","B","F","Day5","E33_F",308.5,NA,NA,7.225,0.108025,0.1495,0,0,NA,0.925,0.015175,NA,0.175,0.00145,NA,6.15,0.0914,0.15125,0.6255,3.175,0,0,NA,NA,0.87923968343697,0.885108400695051,3.96492653,11.7,12,"210222_11","E33","B","F","Day5","E33_F",0.359511967297943
"172","210222_12","E33","B","F","Day5","E33_F",309.5,NA,NA,11.4,0.1552,0.1265,0,0,NA,1.15,0.017275,NA,1.15,0.0257,NA,9.075,0.11225,0.1085,1.28725,7.35,0.55,0.03575,NA,NA,0.776444863401385,0.653334982123116,6.5285958025,11.7,12,"210222_12","E33","B","F","Day5","E33_F",0.193961047994946
"173","210222_7","E33","B","F","Day5","E33_F",304.5,NA,NA,9.025,0.102125,0.104,0.375,0.007925,NA,0.65,0.012675,NA,1.35,0.015625,NA,6.65,0.065925,0.091,0.768,4.9,0.05,0,NA,NA,0.77803995729408,0.706441511643939,3.8873084225,12.17,12,"210222_7","E33","B","F","Day5","E33_F",0.134164305647782
"174","210222_8","E33","B","F","Day5","E33_F",305.5,NA,NA,13.85,0.25075,0.169,0.325,0.006825,NA,1.375,0.029075,NA,4.8,0.101075,NA,7.35,0.1138,0.15525,2.03125,9.675,0.475,0.071,NA,NA,0.691246766137513,0.658720025900061,8.342539685,12.17,12,"210222_8","E33","B","F","Day5","E33_F",0.224725308073031
"175","210222_9","E33","B","F","Day5","E33_F",306.5,NA,NA,6.175,0.107875,0.171,0.125,0,NA,0.175,0.00305,NA,0.9,0.017875,NA,5,0.08695,0.17375,NA,2.125,0,0,NA,NA,0.830185342388229,0.835002717774103,4.1229264625,12.17,12,"210222_9","E33","B","F","Day5","E33_F",0.369120936433956
"176","210222_13","E33","A","M","Day1","E33_M",38.5,NA,NA,49.425,0.872175,0.165,5.775,0.122075,NA,13.55,0.2366,0.175,10.575,0.20355,0.21,19.525,0.309925,0.14,NA,NA,27.55,5.0095,0.207,NA,0.426984463276836,0.309583274956961,12.8915881025,11.7,12,"210222_13","E33","A","M","Day1","E33_M",-0.0504510990080653
"177","210222_14","E33","A","M","Day1","E33_M",39.5,NA,NA,36.15,0.660675,0.15125,4.225,0.0776,NA,12.05,0.2345,NA,6.675,0.124175,NA,13.2,0.2244,0.1425,NA,NA,19.2,3.76525,NA,NA,0.511399631675875,0.485885399815892,10.13138425,11.7,12,"210222_14","E33","A","M","Day1","E33_M",-0.00355316386671863
"178","210222_15","E33","A","M","Day1","E33_M",40.5,NA,NA,39.3,0.694425,0.17425,6.725,0.1095,NA,17.325,0.3073,NA,4,0.08015,NA,11.25,0.1975,0.16875,NA,NA,18.9,3.17075,0.16575,NA,0.337281899615403,0.315000123388216,12.1086627875,11.7,12,"210222_15","E33","A","M","Day1","E33_M",-0.114914796659778
"179","210222_13","E33","A","M","Day2","E33_M",106.5,NA,NA,28.225,0.510125,0.18,6.3,0.1271,0.202,5.7,0.118425,0.206,6.625,0.138075,NA,9.575,0.126525,0.127,4.8685,24.225,7.725,1.49975,0.1785,NA,0.343453912337161,0.249873107815841,9.8682427475,11.7,12,"210222_13","E33","A","M","Day2","E33_M",-0.0930537591211676
"180","210222_14","E33","A","M","Day2","E33_M",107.5,NA,NA,26.225,0.45045,0.16975,1.45,0.039225,NA,5,0.097975,NA,5.275,0.097225,0.189,14.5,0.216025,0.129,4.38175,22.15,5.725,1.0825,0.17175,NA,0.545598931420164,0.448761773781073,8.270981935,11.7,12,"210222_14","E33","A","M","Day2","E33_M",0.0811238678970104
"181","210222_15","E33","A","M","Day2","E33_M",108.5,NA,NA,30.1,0.48315,0.14675,4.225,0.084775,NA,13.775,0.237475,NA,2.575,0.055125,NA,9.525,0.105775,0.098,NA,NA,6.9,1.111,0.1835,NA,0.435446173388377,0.282334899520101,11.362865605,11.7,12,"210222_15","E33","A","M","Day2","E33_M",-0.091784989402188
"182","210222_13","E33","A","M","Day3","E33_M",174.5,NA,NA,21.525,0.3542,0.157,3.65,0.07435,NA,3.3,0.07045,0.21375,5.3,0.098875,NA,9.25,0.110525,0.11225,3.3635,17.475,1,0.18925,NA,NA,0.475787629341785,0.330000445437263,8.58855715,11.7,12,"210222_13","E33","A","M","Day3","E33_M",-0.0234761413839554
"183","210222_14","E33","A","M","Day3","E33_M",175.5,NA,NA,12.55,0.174125,0.13125,1.25,0.025275,NA,2.15,0.0415,NA,0.825,0.01415,NA,8.275,0.093225,0.09975,1.52975,8.5,0,0,NA,NA,0.666712498839692,0.494399168448872,5.8081174425,11.7,12,"210222_14","E33","A","M","Day3","E33_M",0.0971891821950011
"184","210222_15","E33","A","M","Day3","E33_M",176.5,NA,NA,11.95,0.1727,0.12175,0.45,0.009375,NA,1.125,0.02275,NA,0.9,0.01785,NA,9.45,0.122725,0.11025,1.5005,7.9,0.7,0.1285,NA,NA,0.820839481231478,0.757510926253519,5.3582313025,11.7,12,"210222_15","E33","A","M","Day3","E33_M",0.225395167063291
"185","210222_13","E33","A","M","Day4","E33_M",242.5,NA,NA,23.025,0.392975,0.16525,3.05,0.061875,NA,3.05,0.06245,NA,6.125,0.1115,0.20125,10.775,0.157175,0.1415,3.56125,18.975,0.325,0.04425,NA,NA,0.535054861074115,0.465179469668234,9.28050409,11.7,12,"210222_13","E33","A","M","Day4","E33_M",0.0583014303029894
"186","210222_14","E33","A","M","Day4","E33_M",243.5,NA,NA,9.7,0.11345,0.10125,0.425,0.0079,NA,0.85,0.01785,NA,0.6,0.01035,NA,7.8,0.077375,0.08725,NA,5.625,0,0,NA,NA,0.833628673474632,0.723144720986677,4.2708830725,11.7,12,"210222_14","E33","A","M","Day4","E33_M",0.182249575176795
"187","210222_15","E33","A","M","Day4","E33_M",244.5,NA,NA,12.1,0.175225,0.1485,1.675,0.0255,NA,0.9,0.015075,NA,2.225,0.038025,NA,7.3,0.09665,0.1355,1.35525,8.05,0.5,0.09125,NA,NA,0.680888228511731,0.625130956409056,6.327748345,11.7,12,"210222_15","E33","A","M","Day4","E33_M",0.158431986317599
"188","210222_13","E33","A","M","Day5","E33_M",310.5,NA,NA,28.2,0.48365,0.16525,3.8,0.06905,NA,3.425,0.06325,0.22625,6.6,0.1277,NA,14.35,0.2236,0.1415,NA,NA,0,0,NA,NA,0.575207661675821,0.480938553860646,10.16802329,11.7,12,"210222_13","E33","A","M","Day5","E33_M",0.0984542309046962
"189","210222_14","E33","A","M","Day5","E33_M",311.5,NA,NA,7.1,0.0875,0.12975,0.2,0.002325,NA,0.45,0.014825,NA,1.025,0.016225,NA,5.4,0.054125,0.1005,0.4735,2.95,0,0,NA,NA,0.778922296593655,0.606367085511489,4.4597577075,11.7,12,"210222_14","E33","A","M","Day5","E33_M",0.205306190866307
"190","210222_15","E33","A","M","Day5","E33_M",312.5,NA,NA,13.075,0.21175,0.161,1.3,0.02005,NA,2.775,0.042275,NA,1.15,0.0212,NA,7.775,0.12825,0.1735,1.463,9.025,0,0,NA,NA,0.666382528621205,0.700658891457924,7.3798897725,11.7,12,"210222_15","E33","A","M","Day5","E33_M",0.178032862115884
"191","190715_1","E33","B","M","Day1","E3m",16,NA,NA,36.45,0.706175,0.19675,9.8,0.186225,0.21125,8.575,0.1818,0.18075,8.35,0.1728,0.21375,9.7,0.165375,0.17,7.00425,34.35,18.525,3.29025,0.18575,NA,0.263678487261752,0.231538072594116,15.88001871,14.37,12,"190715_1","E33","B","M","Day1","E3m",-0.12712637277357
"192","190715_2","E33","B","M","Day1","E3m",17,NA,NA,42,0.78315,0.1825,7.25,0.14925,0.213,12.475,0.249975,0.21925,10.825,0.194625,NA,11.4,0.189325,0.15575,7.7165,40,18.375,2.90975,0.15775,NA,0.26232929526168,0.224403916161997,20.4446765275,14.37,12,"190715_2","E33","B","M","Day1","E3m",-0.167357061058886
"193","190715_3","E33","B","M","Day1","E3m",18,NA,NA,60,0.849075,0.1415,27.2,0.37935,0.1385,22.85,0.32895,NA,4.35,0.0683,NA,5.6,0.072475,NA,NA,NA,37.425,5.00575,0.13225,NA,0.0933333333333333,0.0825237800047704,34.9700846875,14.37,12,"190715_3","E33","B","M","Day1","E3m",-0.448222591246533
"194","190715_1","E33","B","M","Day2","E3m",56,NA,NA,60,1.296,0.216,14.1,0.324175,0.23375,14.85,0.316475,0.2165,14.55,0.332325,0.22825,16.5,0.32305,0.1955,NA,NA,32.85,6.3345,0.1935,NA,0.275,0.248306029626143,15.7439762075,14.37,12,"190715_1","E33","B","M","Day2","E3m",-0.0632807334745531
"195","190715_2","E33","B","M","Day2","E3m",57,NA,NA,29.225,0.59265,0.20075,9.35,0.1933,NA,7.5,0.1655,0.227,3.975,0.0848,NA,8.375,0.149075,0.152,5.89025,27.15,7.7,1.41825,0.19,NA,0.406486899260244,0.362838835775588,10.109243445,14.37,12,"190715_2","E33","B","M","Day2","E3m",0.0265961434453413
"196","190715_3","E33","B","M","Day2","E3m",58,NA,NA,47.425,0.581025,0.11875,12.025,0.1165,0.117,12.825,0.141175,0.15875,7.85,0.132075,NA,14.725,0.191325,0.105,5.73,45.375,16.8,2.144,0.10275,NA,0.301910910571477,0.29143638184147,19.470998535,14.37,12,"190715_3","E33","B","M","Day2","E3m",-0.301718981762024
"197","190715_1","E33","B","M","Day3","E3m",96,NA,NA,20.875,0.4727,0.206,3.65,0.086125,NA,4.225,0.091125,NA,4.925,0.140825,0.26525,8.075,0.1546,0.1795,4.56525,18.825,4,0.84375,NA,NA,0.494579855022919,0.43688502319542,8.3655630325,14.37,12,"190715_1","E33","B","M","Day3","E3m",0.129013860997317
"198","190715_2","E33","B","M","Day3","E3m",97,NA,NA,39.325,0.8164,0.20125,6.125,0.128775,0.208,8.625,0.2001,0.24575,13.725,0.279975,NA,10.8,0.207525,0.173,NA,NA,12.225,2.4845,0.19225,NA,0.306106820548421,0.244615002186253,11.608068595,14.37,12,"190715_2","E33","B","M","Day3","E3m",-0.0724196722389294
"199","190715_3","E33","B","M","Day3","E3m",98,NA,NA,13.65,0.1177,0.0815,0.3,0,NA,1.025,0.004975,NA,1.55,0.008275,NA,10.825,0.10445,0.099,1.1005,11.6,1.525,0.05,NA,NA,0.807699762667788,0.883903478321115,5.3347949975,14.37,12,"190715_3","E33","B","M","Day3","E3m",0.10243227478163
"200","190715_1","E33","B","M","Day4","E3m",136,NA,NA,20.5,0.419325,0.198,7.55,0.168575,0.228,2.975,0.06585,0.2365,3.65,0.082575,0.2185,6.325,0.10235,0.137,4.13175,18.45,0.65,0.12025,NA,NA,0.306336214517566,0.218813649532772,6.93977115,14.37,12,"190715_1","E33","B","M","Day4","E3m",-0.0810579879488751
"201","190715_2","E33","B","M","Day4","E3m",137,NA,NA,16.7,0.30525,0.17575,2.825,0.064,NA,4.85,0.10605,0.22825,3.525,0.068475,NA,5.55,0.0667,0.11225,3.00875,14.65,3.3,0.63875,NA,NA,0.363993866699779,0.217144884717708,5.864813365,14.37,12,"190715_2","E33","B","M","Day4","E3m",-0.084110040492745
"202","190715_3","E33","B","M","Day4","E3m",138,NA,NA,25.125,0.2977,0.10025,6.3,0.096325,NA,4.5,0.0548,NA,4.375,0.048675,NA,9.95,0.0979,0.1025,2.93,23.075,2.1,0.3455,0.11325,NA,0.521753913993585,0.543034312931319,9.4679928075,14.37,12,"190715_3","E33","B","M","Day4","E3m",-0.132353710359357
"203","190715_1","E33","B","M","Day5","E3m",176,NA,NA,7.8,0.12305,0.12925,2.575,0.056425,NA,1.2,0.02695,NA,0.15,0.002025,NA,3.85,0.037625,0.08775,1.188,5.625,0,0,NA,NA,0.640572036598109,0.507230081932275,2.50264563,14.37,12,"190715_1","E33","B","M","Day5","E3m",0.0655916678432084
"204","190715_2","E33","B","M","Day5","E3m",177,NA,NA,14.35,0.271625,0.166,2.775,0.0677,NA,2.875,0.075075,NA,1.6,0.03055,NA,7.075,0.098325,0.1285,2.67775,12.3,2.15,0.44275,NA,NA,0.598229908033986,0.51148426422336,5.2836822225,14.37,12,"190715_2","E33","B","M","Day5","E3m",0.123522871804189
"205","190715_3","E33","B","M","Day5","E3m",178,NA,NA,20.8,0.2467,0.09625,5.45,0.05625,NA,8.4,0.12445,NA,2.275,0.019075,NA,4.7,0.04695,0.09125,2.40025,18.775,0.225,0.019,NA,NA,0.409973790520859,0.413309798390256,8.659620755,14.37,12,"190715_3","E33","B","M","Day5","E3m",-0.255047938052502
"206","210201_10","E44","C","F","Day1","E44_F",38.5,NA,NA,55.175,1.137,0.205,17.225,0.356875,0.20775,17.925,0.369625,0.2035,10.475,0.224775,NA,6.625,0.1228,0.1855,NA,NA,28.475,5.56425,0.19725,NA,0.128791973791974,0.112480336062347,19.5264536175,11.13,12,"210201_10","E44","C","F","Day1","E44_F",-0.239502546288733
"207","210201_6","E44","C","F","Day1","E44_F",34.5,NA,NA,60,1.3423,0.224,17.625,0.426375,0.251,16.4,0.35735,0.231,11.575,0.272825,0.22425,12.7,0.246875,0.19875,NA,NA,38.55,8.53075,0.22025,NA,0.211666666666667,0.182682422435486,22.4483328125,11.13,12,"210201_6","E44","C","F","Day1","E44_F",-0.104785858367048
"208","210201_7","E44","C","F","Day1","E44_F",35.5,NA,NA,60,1.264825,0.21075,19.925,0.412175,0.20825,18.5,0.376575,0.206,10.65,0.2367,0.2235,9.125,0.2038,0.23675,NA,NA,33.3,6.75375,0.2035,NA,0.152083333333333,0.159629720608144,18.7774744925,11.13,12,"210201_7","E44","C","F","Day1","E44_F",-0.20052216193052
"209","210201_8","E44","C","F","Day1","E44_F",36.5,NA,NA,48.4,0.973725,0.19375,8.25,0.17195,NA,10.375,0.229575,NA,12.475,0.252875,0.1995,16.55,0.303625,0.19325,NA,NA,28.925,5.71475,0.19575,NA,0.399012994453551,0.406289332075795,15.19269597,11.13,12,"210201_8","E44","C","F","Day1","E44_F",2.25562529144675e-05
"210","210201_9","E44","C","F","Day1","E44_F",37.5,NA,NA,39.925,0.917125,0.2245,6.125,0.13775,NA,11.05,0.24165,0.2175,10.2,0.2554,NA,10.9,0.243525,0.2235,NA,NA,24.075,5.40425,0.2145,NA,0.312060770156438,0.31763742525821,12.06603248,11.13,12,"210201_9","E44","C","F","Day1","E44_F",-0.00302749184972374
"211","210201_10","E44","C","F","Day2","E44_F",114.5,NA,NA,15.825,0.2572,0.14525,2.375,0.0424,NA,2.775,0.056075,NA,4.7,0.09485,NA,5.925,0.06215,0.11025,2.28125,11.75,2.3,0.4215,NA,NA,0.434653681678891,0.28140206549605,6.5336033875,11.13,12,"210201_10","E44","C","F","Day2","E44_F",-0.0966702701943318
"212","210201_6","E44","C","F","Day2","E44_F",110.5,NA,NA,54.675,1.11635,0.19975,13.175,0.26885,0.21475,13.925,0.29635,0.21275,13.15,0.273275,0.203,13.05,0.24805,0.178,NA,NA,29.525,5.5885,0.1855,NA,0.255339147286822,0.232125612043989,15.72334231,11.13,12,"210201_6","E44","C","F","Day2","E44_F",-0.127280134583186
"213","210201_7","E44","C","F","Day2","E44_F",111.5,NA,NA,33.025,0.630675,0.17375,7.825,0.158375,NA,5.725,0.13055,0.2305,7.6,0.16185,NA,11.875,0.179875,0.11675,6.007,28.925,5.6,1.085,NA,NA,0.366291224103762,0.246701953188784,12.0437654025,11.13,12,"210201_7","E44","C","F","Day2","E44_F",-0.0872697351989718
"214","210201_8","E44","C","F","Day2","E44_F",112.5,NA,NA,22.85,0.423125,0.15925,4.2,0.08445,NA,2.375,0.06265,NA,5.6,0.1048,NA,10.325,0.16225,0.15925,3.8925,18.8,4.55,0.928,NA,NA,0.599764108397118,0.586508294890479,7.318647245,11.13,12,"210201_8","E44","C","F","Day2","E44_F",0.106639521295364
"215","210201_9","E44","C","F","Day2","E44_F",113.5,NA,NA,46.575,1.090025,0.22675,13.9,0.33465,0.24125,9.675,0.2224,0.23125,12.975,0.28865,0.2135,9.675,0.232925,0.245,NA,NA,16,3.9955,0.24375,NA,0.223848443223443,0.241891967611625,12.8721974875,11.13,12,"210201_9","E44","C","F","Day2","E44_F",-0.0851006351587326
"216","210201_10","E44","C","F","Day3","E44_F",190.5,NA,NA,15.95,0.16535,0.101,0,0,NA,2.325,0.0261,NA,0.525,0.005375,NA,13.1,0.133875,0.0935,1.4575,11.875,0.85,0.066,NA,NA,0.798129831721098,0.759904304086998,6.4706367775,11.13,12,"210201_10","E44","C","F","Day3","E44_F",0.146068601909485
"217","210201_6","E44","C","F","Day3","E44_F",186.5,NA,NA,15.05,0.226775,0.13475,0,0,NA,5.1,0.075875,0.154,2.575,0.0422,NA,7.45,0.108725,0.12025,1.87,11,1.75,0.357,NA,NA,0.538745032290114,0.438916281319387,4.444965835,11.13,12,"210201_6","E44","C","F","Day3","E44_F",-0.0212284431617094
"218","210201_7","E44","C","F","Day3","E44_F",187.5,NA,NA,14.225,0.215775,0.14675,0.3,0.00815,NA,1.175,0.0223,NA,1.5,0.03085,NA,11.225,0.154475,0.14475,1.85725,10.05,2.925,0.4385,NA,NA,0.760828894835148,0.724262044809305,4.6706339225,11.13,12,"210201_7","E44","C","F","Day3","E44_F",0.233597732044583
"219","210201_8","E44","C","F","Day3","E44_F",188.5,NA,NA,25.675,0.45855,0.17925,1.05,0.021125,NA,8.025,0.16225,NA,2.475,0.046025,NA,14.15,0.22915,0.15375,4.15125,21.575,3.025,0.4435,0.119,NA,0.582612377273962,0.505199034932444,9.703291195,11.13,12,"210201_8","E44","C","F","Day3","E44_F",0.144058311274305
"220","210201_9","E44","C","F","Day3","E44_F",189.5,NA,NA,27.475,0.506625,0.12275,2.875,0.06625,NA,10.55,0.205125,NA,4.125,0.091375,NA,9.925,0.143875,0.108,NA,NA,4.3,1.0695,NA,NA,0.554071463685718,NA,8.19807549,11.13,12,"210201_9","E44","C","F","Day3","E44_F",-0.0386443244273641
"221","210201_10","E44","C","F","Day4","E44_F",266.5,NA,NA,18.725,0.245175,0.13675,0.15,0.001175,NA,2.675,0.04145,NA,5.475,0.07455,0.1865,10.45,0.128025,0.11575,1.884,14.675,1.15,0.17,NA,NA,0.596717817561807,0.507458982214346,7.5542644825,11.13,12,"210201_10","E44","C","F","Day4","E44_F",0.0422013942201933
"222","210201_6","E44","C","F","Day4","E44_F",262.5,NA,NA,38.875,0.7533,0.1855,6.6,0.1384,NA,4.425,0.09725,NA,13.2,0.259975,0.235,14.65,0.2577,0.1645,NA,NA,6.225,0.83075,NA,NA,0.484185316058108,0.419004148532632,11.68836956,11.13,12,"210201_6","E44","C","F","Day4","E44_F",0.0626845379028559
"223","210201_7","E44","C","F","Day4","E44_F",263.5,NA,NA,16.5,0.23775,0.13825,0,0,NA,2.325,0.045475,NA,4.175,0.07575,0.153,10.05,0.116525,0.1075,2.2885,12.45,0.35,0.03125,NA,NA,0.611543268417707,0.508779324590305,6.8904284325,11.13,12,"210201_7","E44","C","F","Day4","E44_F",0.0611196341587506
"224","210201_8","E44","C","F","Day4","E44_F",264.5,NA,NA,22.225,0.3644,0.1425,1.825,0.037475,NA,4.325,0.0877,NA,2.75,0.06445,0.1795,13.2,0.1715,0.1035,3.418,18.15,4.25,0.93925,NA,NA,0.566861493154253,0.400690668201483,8.2321970275,11.13,12,"210201_8","E44","C","F","Day4","E44_F",0.0280340946294919
"225","210201_9","E44","C","F","Day4","E44_F",265.5,NA,NA,20.875,0.3833,0.1485,1.4,0.0335,NA,3.1,0.058225,NA,3.975,0.0928,NA,12.4,0.19875,0.13625,3.56525,16.775,2.9,0.51725,NA,NA,0.711765408504539,0.653557651012982,6.029380895,11.13,12,"210201_9","E44","C","F","Day4","E44_F",0.189309166310407
"226","210201_10","E44","C","F","Day5","E44_F",342.5,NA,NA,14.225,0.10705,0.0695,0.8,0.005425,NA,1.025,0.010125,NA,1.725,0.01615,NA,10.65,0.075375,0.06725,0.97025,10.125,0,0,NA,NA,0.786268126694365,0.75882119841983,8.2498028275,11.13,12,"210201_10","E44","C","F","Day5","E44_F",0.0482583261469483
"227","210201_6","E44","C","F","Day5","E44_F",338.5,NA,NA,17.1,0.240775,0.121,0.775,0.034225,NA,1.95,0.041375,NA,2.6,0.046175,NA,11.825,0.119,0.09275,2.3015,13.05,0.975,0.28675,NA,NA,0.785662923487821,0.646143094613091,7.8346383725,11.13,12,"210201_6","E44","C","F","Day5","E44_F",0.188172214778305
"228","210201_7","E44","C","F","Day5","E44_F",339.5,NA,NA,16.2,0.252225,0.15425,1.35,0.02605,NA,2.75,0.053925,NA,1.95,0.043475,NA,10.15,0.12875,0.12975,2.29525,12.125,0.25,0.0475,NA,NA,0.645270826920141,0.555793812702447,6.33990814,11.13,12,"210201_7","E44","C","F","Day5","E44_F",0.138503609542862
"229","210201_8","E44","C","F","Day5","E44_F",340.5,NA,NA,25.025,0.477825,0.15575,3.175,0.066975,NA,2.7,0.063525,NA,6.625,0.159825,NA,12.525,0.18755,0.1225,4.57625,20.95,4.225,0.905,NA,NA,0.577657143978354,0.434992421037685,7.8211195975,11.13,12,"210201_8","E44","C","F","Day5","E44_F",0.0749827156837327
"230","210201_9","E44","C","F","Day5","E44_F",341.5,NA,NA,8.625,0.102025,0.11575,0.85,0.022625,NA,0.425,0.00835,NA,1,0.0222,NA,6.35,0.04885,0.07575,0.96075,4.525,0,0,NA,NA,0.749234843258354,0.563700099731941,3.480810735,11.13,12,"210201_9","E44","C","F","Day5","E44_F",0.137419372759538
"231","210201_11","E44","B","M","Day1","E44_M",39.5,NA,NA,60,1.11225,0.18525,20.725,0.363875,0.181,12,0.235975,0.1915,15.4,0.27715,0.194,10.475,0.20835,0.20475,NA,NA,27.575,5.38025,0.18325,NA,0.174583333333333,0.192552176693547,21.16421508,10.67,12,"210201_11","E44","B","M","Day1","E44_M",-0.247599576335695
"232","210201_12","E44","B","M","Day1","E44_M",40.5,NA,NA,50.925,0.7982,0.15625,8.425,0.135575,0.16525,18.85,0.301825,NA,7.975,0.1414,NA,13.375,0.179225,0.1325,NA,NA,28.7,4.4265,0.149,NA,0.260947654496042,0.221330762884382,20.432370465,10.67,12,"210201_12","E44","B","M","Day1","E44_M",-0.240362510771027
"233","210201_13","E44","B","M","Day1","E44_M",41.5,NA,NA,60,1.1696,0.19475,15.625,0.32105,0.21075,8.15,0.163925,NA,25.475,0.479775,0.19775,7.575,0.1418,0.18525,NA,NA,33.45,6.5455,0.19275,NA,0.12625,0.122967112674967,20.223110505,10.67,12,"210201_13","E44","B","M","Day1","E44_M",-0.270011912145532
"234","210201_14","E44","B","M","Day1","E44_M",42.5,NA,NA,40.35,0.9057,0.20675,10.55,0.239975,NA,6.375,0.146125,NA,14.2,0.336375,0.235,7.975,0.1581,0.18575,NA,NA,20.25,4.898,0.224,NA,0.229449096225412,0.187215989307366,14.278609875,11.13,12,"210201_14","E44","B","M","Day1","E44_M",-0.134070503258861
"235","210201_15","E44","B","M","Day1","E44_M",43.5,NA,NA,60,1.07315,0.179,11.575,0.21615,0.1895,14.55,0.271675,0.19675,18.3,0.31235,0.19125,14.075,0.241875,0.1635,NA,NA,27.225,5.10425,0.1855,NA,0.234583333333333,0.224136804816812,23.2711921275,11.13,12,"210201_15","E44","B","M","Day1","E44_M",-0.2046528641801
"236","210201_16","E44","B","M","Day1","E44_M",44.5,NA,NA,60,1.14785,0.19125,19.95,0.427175,0.20975,13.75,0.276625,NA,18.95,0.30035,NA,3.175,0.056425,NA,NA,NA,34.725,6.48675,0.188,NA,0.0529166666666667,0.0519018094341189,25.724396735,11.13,12,"210201_16","E44","B","M","Day1","E44_M",-0.352895086671732
"237","210201_17","E44","B","M","Day1","E44_M",45.5,NA,NA,38.5,0.71515,0.17475,9.3,0.18485,NA,10,0.189525,NA,7.925,0.178125,0.2235,9.9,0.1365,0.1305,NA,NA,22.625,4.3645,0.18675,NA,0.354221128334032,0.267696493977021,14.56038027,13,12,"210201_17","E44","B","M","Day1","E44_M",-0.0966113049135974
"238","210201_18","E44","B","M","Day1","E44_M",46.5,NA,NA,53.2,0.950475,0.176,9.075,0.15925,0.178,13.55,0.231325,0.16725,13.1,0.246,0.19375,16.85,0.300025,0.166,NA,NA,29.025,5.1275,0.16925,NA,0.306216722909636,0.294587304672953,18.8199223675,13,12,"210201_18","E44","B","M","Day1","E44_M",-0.141205052769112
"239","210201_11","E44","B","M","Day2","E44_M",115.5,NA,NA,37.675,0.518425,0.125,8.325,0.115525,NA,8.15,0.122325,0.153,8.475,0.126275,NA,12.7,0.154325,0.123,NA,NA,4.725,0.83825,NA,NA,0.444886778845176,0.381004625215671,13.4578856875,10.67,12,"210201_11","E44","B","M","Day2","E44_M",-0.14168982564392
"240","210201_12","E44","B","M","Day2","E44_M",116.5,NA,NA,30.875,0.440925,0.1315,4.175,0.073075,NA,7.6,0.136075,0.16475,7.025,0.117225,NA,11.45,0.1047,0.0875,4.354,26.8,10.3,1.63025,NA,NA,0.460525128554834,0.365084362707366,11.5902650325,10.67,12,"210201_12","E44","B","M","Day2","E44_M",-0.108316056576081
"241","210201_13","E44","B","M","Day2","E44_M",117.5,NA,NA,32.65,0.446625,0.11975,4.525,0.064175,NA,5.3,0.0635,NA,6.65,0.119575,NA,16.15,0.199375,0.11625,NA,NA,9.85,0.9915,0.0945,NA,0.48931344668771,0.460158045931378,13.4042492725,10.67,12,"210201_13","E44","B","M","Day2","E44_M",-0.111587919590687
"242","210201_14","E44","B","M","Day2","E44_M",118.5,NA,NA,42.4,0.83235,0.18075,5.65,0.124875,NA,9.525,0.1727,0.18525,13.2,0.2809,NA,13.85,0.2506,0.17025,NA,NA,13.875,2.4525,0.165,NA,0.359071761571762,0.335642644905502,13.5070443525,11.13,12,"210201_14","E44","B","M","Day2","E44_M",-0.0753895153452382
"243","210201_15","E44","B","M","Day2","E44_M",119.5,NA,NA,54.525,0.5065,0.09175,10.1,0.0964,NA,13.975,0.1294,0.10275,10.5,0.116425,0.11625,19.9,0.1634,0.1205,NA,NA,4.1,0.42525,0.08725,NA,0.36420529206447,0.352338833171351,23.5803656325,11.13,12,"210201_15","E44","B","M","Day2","E44_M",-0.313094803756863
"244","210201_16","E44","B","M","Day2","E44_M",120.5,NA,NA,52.975,0.8387,0.15275,11.225,0.18095,0.1525,13.175,0.20495,0.159,9.425,0.15795,0.1755,19.125,0.2949,0.14275,NA,NA,13.675,2.1775,0.1445,NA,0.360745768619536,0.344432576382699,19.985142635,11.13,12,"210201_16","E44","B","M","Day2","E44_M",-0.1501142378404
"245","210201_17","E44","B","M","Day2","E44_M",121.5,NA,NA,35.175,0.5961,0.132,10.2,0.17185,NA,10.075,0.191925,NA,6.175,0.11715,NA,8.7,0.114175,0.119,NA,NA,13.875,2.6215,NA,NA,0.447541071320914,0.411558660182943,11.448278435,13,12,"210201_17","E44","B","M","Day2","E44_M",-0.119935850782448
"246","210201_18","E44","B","M","Day2","E44_M",122.5,NA,NA,28.325,0.465325,0.13875,5.05,0.078425,NA,6.85,0.11945,NA,4.55,0.09975,NA,11.85,0.1677,0.1385,NA,NA,8.1,1.74325,NA,NA,0.539754486180832,0.521340572135808,11.2361422975,13,12,"210201_18","E44","B","M","Day2","E44_M",-0.00930488505057221
"247","210201_11","E44","B","M","Day3","E44_M",191.5,NA,NA,20.6,0.2594,0.11775,1.1,0.02275,NA,4.75,0.05295,NA,7.075,0.086025,NA,7.625,0.0977,0.13525,2.089,16.525,0,0,NA,NA,0.368997608337639,0.422209001867915,7.3007237425,10.67,12,"210201_11","E44","B","M","Day3","E44_M",-0.237360810050967
"248","210201_12","E44","B","M","Day3","E44_M",192.5,NA,NA,28.975,0.353025,0.10825,2.975,0.044425,NA,10.175,0.104825,NA,5.675,0.11145,0.17975,10.175,0.09235,0.08625,3.43975,24.925,1.25,0.405,NA,NA,0.483287713592051,0.388626639650108,11.72894776,10.67,12,"210201_12","E44","B","M","Day3","E44_M",-0.148991702320052
"249","210201_13","E44","B","M","Day3","E44_M",193.5,NA,NA,20.325,0.20685,0.102,0,0,NA,5.45,0.06365,NA,3.925,0.03855,NA,10.95,0.104675,0.07925,1.95675,16.275,2,0.16025,NA,NA,0.527562281051171,0.425383851222348,8.469107545,10.67,12,"210201_13","E44","B","M","Day3","E44_M",-0.121770422705337
"250","210201_14","E44","B","M","Day3","E44_M",194.5,NA,NA,17.4,0.3032,0.1595,0.65,0.020225,NA,3.175,0.06525,NA,3.3,0.08315,NA,10.225,0.134575,0.121,2.83675,13.275,1,0.181,NA,NA,0.656692686033513,0.552705422912248,6.7212698375,11.13,12,"210201_14","E44","B","M","Day3","E44_M",0.164250230445534
"251","210201_15","E44","B","M","Day3","E44_M",195.5,NA,NA,36.95,0.31535,0.08575,1.375,0.026975,NA,10.075,0.07345,NA,10.575,0.090425,NA,14.925,0.124525,0.087,2.9925,32.95,2.175,0.17625,NA,NA,0.468192452575758,0.477345861750817,13.842114105,11.13,12,"210201_15","E44","B","M","Day3","E44_M",-0.225478799576205
"252","210201_16","E44","B","M","Day3","E44_M",196.5,NA,NA,21.25,0.286975,0.127,1.025,0.014325,NA,5.75,0.046725,NA,3.7,0.0711,NA,10.8,0.154825,0.13825,2.50675,17.225,2.55,0.46625,NA,NA,0.591232968340607,0.614983361871486,8.2904059825,11.13,12,"210201_16","E44","B","M","Day3","E44_M",0.0101134159617209
"253","210201_17","E44","B","M","Day3","E44_M",197.5,NA,NA,16.85,0.2137,0.11725,0.6,0.0095,NA,4.7,0.0568,NA,2,0.04405,NA,9.525,0.10335,0.09775,2.06025,12.775,1.6,0.25975,NA,NA,0.64109330707499,0.562811909871891,7.366570975,13,12,"210201_17","E44","B","M","Day3","E44_M",0.0333706256588311
"254","210201_18","E44","B","M","Day3","E44_M",198.5,NA,NA,24.95,0.373125,0.10575,2.45,0.057125,NA,8.725,0.1414,NA,2.725,0.05575,NA,11.025,0.1189,0.0835,3.67825,20.8,3.125,0.6565,NA,NA,0.594096553826011,0.53058428246191,9.6033685375,13,12,"210201_18","E44","B","M","Day3","E44_M",-0.045004177223854
"255","210201_11","E44","B","M","Day4","E44_M",267.5,NA,NA,12.9,0.1261,0.09625,2.7,0.01405,NA,1.025,0.0139,NA,2.475,0.0286,NA,6.675,0.069525,0.10025,0.99175,8.825,0.275,0,NA,NA,0.582016962667718,0.601349785656355,5.2073868875,10.67,12,"210201_11","E44","B","M","Day4","E44_M",-0.0830047659056436
"256","210201_12","E44","B","M","Day4","E44_M",268.5,NA,NA,26.525,0.255825,0.07975,2.5,0.022475,NA,8.1,0.084675,NA,3.85,0.041225,NA,12.1,0.107425,0.08525,2.32825,22.5,1.5,0.1855,NA,NA,0.550690422139962,0.551908062296712,10.247750635,10.67,12,"210201_12","E44","B","M","Day4","E44_M",-0.159351986342629
"257","210201_13","E44","B","M","Day4","E44_M",269.5,NA,NA,29.75,0.330075,0.0995,1.15,0.0083,NA,8.7,0.083225,NA,6.25,0.07215,NA,13.625,0.166425,0.1125,NA,NA,3,0.574,NA,NA,0.567345064009856,0.616182978474943,11.283411815,10.67,12,"210201_13","E44","B","M","Day4","E44_M",-0.0888089548844145
"258","210201_14","E44","B","M","Day4","E44_M",270.5,NA,NA,16.85,0.223675,0.128,2.875,0.01095,NA,1.55,0.026525,NA,3.325,0.06935,NA,9.075,0.116825,0.12775,2.038,12.775,1.275,0.21725,NA,NA,0.609530147519062,0.626115014449458,6.9084779675,11.13,12,"210201_14","E44","B","M","Day4","E44_M",0.0311391211952806
"259","210201_15","E44","B","M","Day4","E44_M",271.5,NA,NA,22.275,0.22855,0.117,0.675,0.013925,NA,3.3,0.020525,NA,9,0.06275,NA,9.275,0.131375,0.1375,1.92625,18.2,3.825,0.2395,NA,NA,0.471837999097953,0.581711797179957,7.947120215,11.13,12,"210201_15","E44","B","M","Day4","E44_M",-0.136566813831982
"260","210201_16","E44","B","M","Day4","E44_M",272.5,NA,NA,14.225,0.1735,0.125,0.45,0.006125,NA,1.875,0.02455,NA,2.7,0.055025,NA,9.2,0.087775,0.085,1.66625,10.125,1.15,0.28425,NA,NA,0.600585548221524,0.444299196558487,6.16439968,11.13,12,"210201_16","E44","B","M","Day4","E44_M",0.0140089437324279
"261","210201_17","E44","B","M","Day4","E44_M",273.5,NA,NA,9.575,0.094825,0.101,1,0.013525,NA,1.05,0.012225,NA,1.2,0.018625,NA,6.325,0.0504,0.07925,0.7995,5.5,0,0,NA,NA,0.669633503472513,0.524195260057844,4.2640215025,13,12,"210201_17","E44","B","M","Day4","E44_M",0.0175722736608997
"262","210201_18","E44","B","M","Day4","E44_M",274.5,NA,NA,24.625,0.263925,0.10625,1.9,0.00985,NA,3.675,0.0277,NA,3.15,0.0342,NA,15.9,0.19215,0.11175,2.23975,20.525,1.35,0.095,NA,NA,0.626882424188238,0.651047686057907,10.505491925,13,12,"210201_18","E44","B","M","Day4","E44_M",-0.0108540438340749
"263","210201_11","E44","B","M","Day5","E44_M",343.5,NA,NA,9.175,0.049375,0.05525,0,0,NA,0.35,0.003075,NA,1.8,0.005775,NA,7,0.040525,0.05725,0.431,5.15,0,0,NA,NA,0.802529401725315,0.826756762440502,4.1474435175,10.67,12,"210201_11","E44","B","M","Day5","E44_M",0.0256381048926542
"264","210201_12","E44","B","M","Day5","E44_M",344.5,NA,NA,28.075,0.2932,0.0865,2.35,0.023925,NA,4.7,0.0462,NA,6.95,0.09325,NA,14.075,0.1298,0.074,NA,NA,5.95,0.78875,NA,NA,0.607314403748921,0.551374702439149,10.1257648275,10.67,12,"210201_12","E44","B","M","Day5","E44_M",-0.0843104538617126
"265","210201_13","E44","B","M","Day5","E44_M",345.5,NA,NA,11.05,0.0769,0.071,0,0,NA,0.2,0.0028,NA,1.775,0.02135,NA,9.05,0.05275,0.061,0.48075,5.725,0,0,NA,NA,0.83169320160905,0.719478831229522,3.2098919375,10.67,12,"210201_13","E44","B","M","Day5","E44_M",0.0977761901442911
"266","210201_14","E44","B","M","Day5","E44_M",346.5,NA,NA,9.875,0.094775,0.0935,0,0,NA,0,0,NA,1.5,0.027425,NA,8.35,0.067325,0.081,0.715,5.775,0,0,NA,NA,0.847091485172881,0.737514155844661,3.4232863475,11.13,12,"210201_14","E44","B","M","Day5","E44_M",0.174566309947981
"267","210201_15","E44","B","M","Day5","E44_M",347.5,NA,NA,12.825,0.127375,0.079,0.4,0.0052,NA,1.45,0.016925,NA,2.625,0.0392,NA,8.375,0.066,0.07,1.21125,8.775,0.775,0.067,NA,NA,0.74486966424966,0.69440829352996,4.9249723325,11.13,12,"210201_15","E44","B","M","Day5","E44_M",0.0327808612257403
"268","210201_16","E44","B","M","Day5","E44_M",348.5,NA,NA,8.4,0.108525,0.1185,0,0,NA,0.35,0.0067,NA,0.875,0.024825,NA,7.175,0.077,0.096,0.69225,4.3,0.125,0,NA,NA,0.857433889048577,0.756033706373378,4.534108945,11.13,12,"210201_16","E44","B","M","Day5","E44_M",0.253121865201299
"269","210201_17","E44","B","M","Day5","E44_M",349.5,NA,NA,14.175,0.1694,0.11575,0,0,NA,0.8,0.011375,NA,2.3,0.0395,0.15875,11.05,0.118525,0.10375,1.5855,10.075,0.325,0.027,NA,NA,0.780552478414934,0.712681025670461,5.8916092775,13,12,"210201_17","E44","B","M","Day5","E44_M",0.168737007916118
"270","210201_18","E44","B","M","Day5","E44_M",350.5,NA,NA,15.275,0.170725,0.11825,1.25,0.004425,NA,0.575,0.009875,NA,2.525,0.038975,NA,10.9,0.117425,0.1165,1.3805,11.15,0.55,0.082,NA,NA,0.701723032200527,0.689110671029111,5.84230856,13,12,"210201_18","E44","B","M","Day5","E44_M",0.0967288768394728
